450nm,475nm,515nm,550nm,555nm,600nm,640nm,690nm,rf,svc,xgb_f,xgb_d,regr_xgb_f
0.0090356637,0.0063722110,0.0063777883,0.0058900951,0.0064581954,0.0060324077,0.0049110791,0.0076037287,2,2,1,2,5.685054
0.2208277285,0.2201686800,0.1941213608,0.2700299323,0.1899123490,0.1969451457,0.2327827066,0.3534645438,2,2,1,2,59.571472
0.0182828307,0.0186794996,0.0172069855,0.0219888110,0.0176087245,0.0188221019,0.0198637247,0.0283912383,2,1,1,0,24.045708
-0.0049153157,-0.0090006739,-0.0076253572,-0.0119465077,-0.0069918362,-0.0079494640,-0.0097843586,-0.0151117286,2,2,1,2,-23.053150
0.0369362682,0.0394002758,0.0356406383,0.0459387563,0.0347286277,0.0351649486,0.0394279100,0.0575294197,2,1,1,0,24.825792
0.0135673340,0.0051001087,0.0056388807,0.0023856049,0.0048103193,0.0035070293,0.0022674864,0.0041499631,2,2,1,2,5.103435
0.0993627459,0.0945673212,0.0851334333,0.1120799407,0.0825342536,0.0848065242,0.0975646973,0.1393584013,2,2,1,2,72.794907
0.0755108818,0.0757323205,0.0682766065,0.0907988399,0.0643488690,0.0664219484,0.0783033744,0.1117967144,2,2,1,2,72.784096
0.1357244551,0.1282987297,0.1167828366,0.1419526488,0.1030734554,0.0991229564,0.1129317358,0.1809428632,2,2,1,2,48.864758
0.0066479458,0.0081768837,0.0076656891,0.0097548151,0.0095297685,0.0088679586,0.0085320631,0.0111057861,2,1,1,1,7.563922
0.0035653603,0.0107914191,0.0110022034,0.0160949081,0.0077984319,0.0061680707,0.0108517082,0.0204552803,2,1,1,1,0.426231
0.0287883990,0.0290138926,0.0262973253,0.0330578536,0.0258479435,0.0272557605,0.0289154127,0.0420397036,2,1,1,0,23.816591
0.0185445268,0.0227281302,0.0212471839,0.0267960224,0.0197388176,0.0188882817,0.0213609803,0.0324666053,2,1,1,0,24.600494
0.0063009867,0.0054567875,0.0068239709,0.0086291041,0.0058854087,0.0069138086,0.0067949970,0.0089349486,2,1,1,1,8.091270
0.0420042723,0.0318678245,0.0295546781,0.0323127173,0.0250627771,0.0254584961,0.0253514796,0.0443871245,2,1,1,2,33.881832
-0.0025453176,0.0019875870,0.0015469447,0.0052893772,-0.0006015360,-0.0005056289,0.0030128593,0.0077439179,1,1,1,1,-19.805981
0.1527382880,0.1520067453,0.1368486583,0.1893969625,0.1334003508,0.1389161795,0.1621656269,0.2405230552,2,2,1,2,48.864758
0.0043630959,0.0049374243,0.0041675642,0.0055483589,0.0036804234,0.0054074479,0.0044688866,0.0059737889,2,1,1,2,0.575636
0.0575733371,0.0576002188,0.0511231944,0.0672569871,0.0513593927,0.0528281443,0.0586949401,0.0843121782,2,2,1,0,68.730324
0.0050065033,0.0080458988,0.0069814487,0.0113909980,0.0067842752,0.0067761838,0.0075953803,0.0146531388,2,1,1,1,0.616081
0.1131450087,0.1110118777,0.0979332402,0.1311912835,0.0962617397,0.0992820188,0.1154362410,0.1647533178,2,2,1,2,73.013718
-0.0017898869,-0.0014175770,-0.0013252915,-0.0006437229,-0.0015812864,-0.0020314143,-0.0018381000,-0.0009498657,2,2,1,1,-19.541136
0.0105076963,0.0004321451,0.0009409342,-0.0034951121,0.0007462842,0.0011145398,-0.0008352128,-0.0024621324,2,2,2,2,3.543370
0.0041571567,0.0089907488,0.0083525330,0.0147239268,0.0069541209,0.0072266599,0.0106908949,0.0195093509,2,1,1,1,0.818017
0.0189261679,0.0226009190,0.0206564963,0.0264746286,0.0203655008,0.0185855962,0.0210368615,0.0323420130,2,1,1,0,24.600494
0.0178929567,0.0198834762,0.0193200465,0.0247796047,0.0181008019,0.0154893668,0.0179286953,0.0316578858,2,1,1,1,25.461552
0.0406582467,0.0396267809,0.0348537490,0.0475480780,0.0352416337,0.0359191708,0.0409360118,0.0584140271,2,1,1,0,33.692356
0.0506281294,0.0481497236,0.0447436832,0.0519636646,0.0396662876,0.0371251926,0.0423126258,0.0637302995,2,2,2,0,60.404980
-0.0055752299,-0.0058059487,-0.0048430921,-0.0039822226,-0.0052340762,-0.0051128501,-0.0041113840,-0.0040476620,2,2,1,1,-23.053150
0.0221900754,0.0254108310,0.0237282757,0.0301999711,0.0222209860,0.0221492704,0.0251087155,0.0381166674,2,1,1,0,24.610802
0.0270699207,0.0186799075,0.0171185546,0.0165801514,0.0156351384,0.0156018268,0.0145281218,0.0238558352,2,1,1,2,21.990278
0.0157402158,0.0196341928,0.0195742492,0.0246792026,0.0161741339,0.0146880224,0.0190231521,0.0317003205,2,1,1,1,19.181620
0.0222784784,0.0241900366,0.0216994546,0.0280620307,0.0208691973,0.0213172231,0.0244161636,0.0349035151,2,1,1,0,24.610802
0.0673972666,0.0680252090,0.0634166747,0.0756392702,0.0581646934,0.0543056354,0.0618059970,0.0960283056,2,2,1,2,71.355324
0.0061444640,0.0055584391,0.0069278297,0.0087927720,0.0060027465,0.0065996707,0.0069496292,0.0090122242,2,1,1,1,8.091270
0.0221236926,0.0235023629,0.0213077385,0.0276425518,0.0204669274,0.0210669581,0.0239975471,0.0349035151,2,1,1,0,24.610802
0.0995034054,0.0946397185,0.0850152075,0.1122650579,0.0828801990,0.0853132382,0.0977783725,0.1391940266,2,2,1,2,72.834930
0.0134028634,0.0151786255,0.0137208886,0.0195445698,0.0130713014,0.0131668039,0.0147186266,0.0263909083,2,1,1,1,5.863392
0.0278195273,0.0290238727,0.0254709069,0.0333331972,0.0255020149,0.0265442170,0.0288196970,0.0413199142,2,1,1,0,23.816591
0.0104347663,0.0078738816,0.0066937231,0.0051767286,0.0068253805,0.0069817454,0.0039024260,0.0080997441,2,1,1,2,4.138301
0.0030463128,0.0083734011,0.0089781713,0.0127497679,0.0075491918,0.0052037882,0.0091265840,0.0168489665,2,1,1,1,0.255067
0.0270783957,0.0179740451,0.0171955433,0.0165548138,0.0143459458,0.0137812709,0.0148875751,0.0228647925,2,1,1,2,21.990278
0.0230043828,0.0221214686,0.0197615586,0.0251110308,0.0217300411,0.0221861079,0.0221800040,0.0303165857,2,1,1,0,24.588131
0.0790298060,0.0790904239,0.0693737119,0.0934979916,0.0682603270,0.0701782480,0.0802332088,0.1175516993,2,2,1,0,72.818657
0.0270106234,0.0182360485,0.0177006312,0.0169857796,0.0145271653,0.0136784846,0.0153443050,0.0228647925,2,1,1,2,21.937107
0.0078166779,0.0078534000,0.0069732536,0.0092898188,0.0055672880,0.0053366441,0.0062954682,0.0126314200,2,1,1,1,5.592290
0.0103456499,0.0064987149,0.0069100433,0.0040479717,0.0042018369,0.0030988893,0.0029902644,0.0058728498,2,2,1,2,4.868505
0.0084395474,0.0065473444,0.0066292291,0.0085920459,0.0054826699,0.0054030903,0.0066929199,0.0120672965,2,1,1,1,6.019427
0.0020147790,0.0014563904,0.0008672284,0.0013382119,0.0017777816,0.0007420951,0.0009060471,0.0025572316,2,2,2,2,-12.613089
0.0684255585,0.0687096566,0.0639017522,0.0765425190,0.0576954708,0.0551945828,0.0628162175,0.0956837088,2,2,1,2,72.784096
0.0114489542,0.0074343840,0.0077682389,0.0050047408,0.0047250721,0.0035987138,0.0037815706,0.0066548721,2,2,1,2,5.511792
0.0212125722,0.0202502366,0.0189825874,0.0235954430,0.0194024052,0.0198015254,0.0206119288,0.0285955910,2,1,1,0,24.588131
0.0178680476,0.0199632850,0.0193200465,0.0249051508,0.0183008946,0.0156003265,0.0182020068,0.0319125801,2,1,1,2,25.461552
0.0718176514,0.0730735660,0.0671737939,0.0822953209,0.0616238415,0.0577248372,0.0668694377,0.1032389700,2,2,1,2,72.784096
0.0654610470,0.0641335919,0.0577739142,0.0744394809,0.0544973500,0.0560111962,0.0653600022,0.0918773189,2,2,1,0,71.355324
0.0012551640,0.0069021634,0.0073750168,0.0111730844,0.0059846123,0.0037372103,0.0073961206,0.0144099528,2,1,1,1,0.884249
0.0127837621,0.0043449681,0.0048766015,0.0017275962,0.0037704157,0.0027244596,0.0014260111,0.0031690164,2,2,2,2,5.920039
0.0177269205,0.0197937116,0.0195403453,0.0246039163,0.0180382933,0.0157198571,0.0182430223,0.0316578858,2,1,1,2,25.307137
0.0179846734,0.0186988451,0.0176109150,0.0225722417,0.0181834586,0.0186397806,0.0194101874,0.0282278378,2,1,1,0,24.045708
0.1344821751,0.1287555099,0.1159877554,0.1424581259,0.1039648280,0.0992481336,0.1130871847,0.1813140661,2,2,1,2,48.859505
0.0548442081,0.0558526367,0.0518425629,0.0634636059,0.0470167287,0.0454223156,0.0518807061,0.0790825635,2,2,2,0,60.404980
0.0047617820,0.0054389043,0.0049797152,0.0051980596,0.0044043888,0.0051317117,0.0044817994,0.0062834378,2,1,1,1,1.628749
0.0467876233,0.0377366170,0.0360486694,0.0397872627,0.0318100601,0.0309075285,0.0331568457,0.0538514256,2,2,2,2,60.306210
0.0253628865,0.0225359611,0.0218940526,0.0268317126,0.0213350486,0.0222114269,0.0239983201,0.0316739902,2,1,1,0,24.588131
0.0326473564,0.0365614183,0.0321169235,0.0427921601,0.0362824686,0.0309880860,0.0366392359,0.0526576079,2,1,1,0,23.474661
0.0402799621,0.0308298450,0.0284861885,0.0308356080,0.0236829985,0.0242054705,0.0246266983,0.0429766029,2,1,1,2,25.339344
0.0078404993,0.0085481135,0.0083184876,0.0106294807,0.0061523933,0.0067403372,0.0075808931,0.0128855603,2,1,1,1,5.041613
0.1493814588,0.1430384070,0.1287391484,0.1573177725,0.1148940325,0.1097758561,0.1248098016,0.2024521530,2,2,1,2,48.864758
-0.0030444129,-0.0070437221,-0.0061656963,-0.0104647679,-0.0054131537,-0.0058015776,-0.0075378083,-0.0127332518,2,2,1,2,-21.635311
0.0418951400,0.0400537513,0.0370437354,0.0480666943,0.0363684632,0.0371044204,0.0415380709,0.0576019436,2,1,1,0,33.692356
0.0286129881,0.0307515115,0.0283584315,0.0348211154,0.0257102717,0.0245412551,0.0275595915,0.0430408344,2,1,1,2,23.816591
0.0221311171,0.0198434573,0.0194485020,0.0258756988,0.0191040318,0.0197846554,0.0212026406,0.0301986896,2,1,1,0,24.588131
0.0129795019,0.0046739220,0.0052575460,0.0019955337,0.0041288855,0.0030905646,0.0014927255,0.0035774307,2,2,1,2,5.880375
0.0790804178,0.0778715760,0.0699662715,0.0914987326,0.0672278255,0.0693349168,0.0804316923,0.1134289801,2,2,1,2,72.818657
0.0319275483,0.0366022438,0.0323571004,0.0439239442,0.0288200490,0.0297056846,0.0376877971,0.0544058941,2,1,1,0,23.474661
0.0158062689,0.0196242258,0.0193962902,0.0247796047,0.0162549913,0.0143305324,0.0194755513,0.0312761702,2,1,1,1,19.181620
0.0035786247,-0.0028680270,-0.0017358732,-0.0039270557,-0.0024088668,-0.0018875183,-0.0033990364,-0.0047069965,2,2,2,2,-14.847014
0.1491049826,0.1427999735,0.1287169456,0.1571774483,0.1134707853,0.1088862121,0.1242931634,0.2017322630,2,2,1,2,48.864758
0.0067180949,0.0035818829,0.0034308974,0.0019224408,0.0046154964,0.0049934285,0.0010126473,0.0026387449,2,2,1,2,7.378904
0.0321115516,0.0368575007,0.0323056206,0.0434605256,0.0291441269,0.0304745976,0.0372540355,0.0540555790,2,1,1,0,23.474661
0.0221311171,0.0197952297,0.0195228755,0.0258512180,0.0191526543,0.0198597331,0.0214169510,0.0304850992,2,1,1,0,24.588131
0.0293390863,0.0337929688,0.0317428075,0.0398074165,0.0284210704,0.0268627349,0.0321623236,0.0504203364,2,1,1,0,23.816591
0.0463948399,0.0373200811,0.0352037773,0.0393830203,0.0313062966,0.0300564449,0.0325907655,0.0535709821,2,2,2,0,60.306210
0.0174775496,0.0168562606,0.0157679413,0.0196400341,0.0177961718,0.0175229423,0.0169122983,0.0237621088,2,1,1,0,23.883623
0.0122232977,0.0139514431,0.0131205758,0.0190498047,0.0128801549,0.0127429878,0.0150167067,0.0255967993,2,1,1,1,7.664933
-0.0018292699,-0.0014269357,-0.0010687363,-0.0011358672,-0.0015516347,-0.0022511999,-0.0019676359,-0.0012608053,2,2,1,1,-19.541136
0.0171961095,0.0164236166,0.0156940836,0.0195434950,0.0175966341,0.0175146814,0.0170712397,0.0238024667,2,1,1,0,22.487200
0.0253381710,0.0227694269,0.0221436527,0.0269299038,0.0215123966,0.0221946370,0.0240253042,0.0317150541,2,1,1,0,24.588131
0.0290384609,0.0339447558,0.0314346440,0.0401405096,0.0283959359,0.0268627349,0.0325797834,0.0501589179,2,1,1,0,23.816591
0.0163228698,0.0075320001,0.0072847405,0.0051521542,0.0067213080,0.0057891612,0.0061385836,0.0076450384,2,2,1,2,17.575041
-0.0033776653,-0.0027532035,-0.0026932759,-0.0020014024,-0.0032498366,-0.0030722166,-0.0027439063,-0.0021920721,2,2,1,1,-23.053150
0.1128220409,0.1076199189,0.0971590504,0.1286352724,0.0948444456,0.0972746983,0.1120728552,0.1609018147,2,2,1,2,73.118057
0.0125342095,0.0138926515,0.0134206107,0.0193713270,0.0128370058,0.0129548358,0.0152200786,0.0254715662,2,1,1,1,7.257913
0.1071802080,0.1032434627,0.0939919725,0.1145920977,0.0849474669,0.0810655430,0.0918817297,0.1443919390,2,2,1,2,73.187454
0.0178553145,0.0218679495,0.0212971438,0.0258326679,0.0195853803,0.0185603816,0.0205781758,0.0320514627,2,1,1,0,25.461552
0.0417226069,0.0425051004,0.0401083902,0.0474925004,0.0356024317,0.0330928639,0.0389267392,0.0601342954,2,2,1,0,33.692356
0.0062496429,0.0079988316,0.0082041528,0.0090737324,0.0091513544,0.0091182468,0.0085191149,0.0110667786,2,1,1,1,7.078603
0.1233334318,0.1165068001,0.1060746759,0.1284273863,0.0945449844,0.0901071727,0.1029133722,0.1641954184,2,2,1,2,48.859505
0.0078005134,0.0078630224,0.0068012015,0.0090249926,0.0055249766,0.0054197037,0.0063616810,0.0127120791,2,1,1,1,5.592290
0.0212362744,0.0088526206,0.0092811286,0.0085340338,0.0075853770,0.0076300264,0.0056390013,0.0138518214,2,2,1,2,22.819477
0.0331251994,0.0341312513,0.0306107886,0.0402071215,0.0311822966,0.0321803950,0.0361230299,0.0504403561,2,1,1,0,23.474661
0.0067674327,0.0095512075,0.0099599008,0.0144063821,0.0094134007,0.0096048219,0.0118449256,0.0180744808,2,1,1,1,7.542843
0.0053516016,0.0115299802,0.0109607866,0.0173232723,0.0082852338,0.0064595081,0.0117239868,0.0226856247,2,1,1,1,1.133402
0.0053568110,0.0036590784,0.0046200966,0.0036561596,0.0042808834,0.0024584271,0.0033119493,0.0052976697,2,2,1,2,0.290573
0.0421978869,0.0416650176,0.0392860621,0.0466307439,0.0353591032,0.0325951464,0.0385445617,0.0604475625,2,2,1,0,33.881832
0.0059327483,0.0031865377,0.0021797300,0.0004878480,0.0039769495,0.0040074014,0.0000809265,0.0016617579,2,2,1,2,6.831788
0.0046679354,0.0055969334,0.0050674058,0.0056418278,0.0045163459,0.0054561282,0.0038238061,0.0067871669,2,1,1,1,3.250392
0.0153446235,0.0063430248,0.0065523507,0.0037540742,0.0053161141,0.0043413560,0.0044938382,0.0063665682,2,2,1,2,14.317103
-0.0053116768,-0.0092050256,-0.0080013769,-0.0121577056,-0.0071570044,-0.0083452696,-0.0099785095,-0.0151117286,2,2,1,2,-23.053150
0.0404724777,0.0416443050,0.0374293812,0.0478848666,0.0351031423,0.0355298966,0.0387851447,0.0598659851,2,1,1,0,25.126291
0.0780098438,0.0807863027,0.0730774403,0.0903017819,0.0659481958,0.0641740561,0.0733357370,0.1125943363,2,2,1,2,72.784096
0.0153765911,0.0196301546,0.0190638117,0.0233003125,0.0176330321,0.0170758385,0.0194608048,0.0285824053,2,1,1,0,16.847155
0.0176062789,0.0164140090,0.0158500243,0.0198814943,0.0176691823,0.0180189013,0.0170712397,0.0240043215,2,1,1,0,23.883623
0.0063807638,0.0105585288,0.0101334164,0.0169051755,0.0076099671,0.0078114211,0.0126117775,0.0222715903,2,1,1,1,7.057524
0.0366990529,0.0390402377,0.0357445255,0.0462237746,0.0347666070,0.0357196294,0.0391466990,0.0574410744,2,1,1,0,23.928415
0.2205496430,0.2202389836,0.1939894110,0.2703126073,0.1896338761,0.1968512982,0.2328535467,0.3536591232,2,2,1,2,59.571472
0.0583174825,0.0620863512,0.0551510639,0.0748197958,0.0516175665,0.0526828915,0.0624611564,0.0931496918,2,2,1,0,71.355324
0.0127307093,0.0143730845,0.0132622290,0.0190745275,0.0123319225,0.0128361862,0.0142449010,0.0251795221,2,1,1,1,5.863392
0.0199957993,0.0199782234,0.0190157015,0.0237174407,0.0194631536,0.0199761018,0.0211606752,0.0288000554,2,1,1,0,24.600494
0.0053034294,0.0115299802,0.0107537722,0.0173971020,0.0084435809,0.0064595081,0.0118986880,0.0225199554,2,1,1,1,1.133402
0.0326389745,0.0367145315,0.0324257500,0.0421506315,0.0358759426,0.0306799076,0.0363601148,0.0529193319,2,1,1,0,23.474661
0.0263445061,0.0245550033,0.0228851177,0.0288004670,0.0249906927,0.0257542823,0.0255801436,0.0335676260,2,1,1,0,24.520260
-0.0054972465,-0.0043340931,-0.0025814655,-0.0033774404,-0.0034092008,-0.0045552142,-0.0037635393,-0.0038162172,2,2,1,1,-23.053150
0.0121076228,0.0007189999,0.0021715125,-0.0025093695,0.0018684001,0.0017775828,0.0004533357,-0.0015765129,2,2,2,2,7.183367
0.0042612180,0.0092225494,0.0082373973,0.0147239268,0.0070269359,0.0073017920,0.0107042929,0.0195093509,2,1,1,1,0.739575
0.0790328532,0.0776077211,0.0700230375,0.0915863067,0.0674145594,0.0695445389,0.0806828812,0.1131734774,2,2,1,2,72.818657
0.0409151316,0.0400080718,0.0345429108,0.0470022038,0.0352162831,0.0357977003,0.0409501344,0.0583254695,2,1,1,0,33.692356
0.0458558016,0.0483710095,0.0427894928,0.0582348444,0.0410153791,0.0418849960,0.0492907576,0.0714822561,2,2,1,0,60.306210
0.0047498397,0.0003843599,0.0007526039,-0.0031347764,0.0004211396,-0.0013202989,-0.0012858178,-0.0021805721,2,2,2,2,-10.709572
0.0577345900,0.0573611893,0.0507173836,0.0672569871,0.0507114418,0.0522655919,0.0583544374,0.0836956352,2,2,1,0,68.730324
0.0161500517,0.0071612089,0.0072347587,0.0050784401,0.0063664555,0.0054706647,0.0058279536,0.0073972507,2,2,1,2,17.575041
0.0134110665,0.0154049182,0.0138377268,0.0194950644,0.0130527997,0.0134043517,0.0146102933,0.0263909083,2,1,1,1,5.863392
0.0212125722,0.0203960501,0.0192310195,0.0236442368,0.0194084793,0.0196602643,0.0211606752,0.0289227888,2,1,1,0,24.588131
0.0036979681,0.0038038671,0.0038433843,0.0049310559,0.0031878781,0.0023587137,0.0031644758,0.0062430776,2,2,1,1,0.262291
0.0544865765,0.0554745793,0.0521771051,0.0630272627,0.0466272756,0.0450973324,0.0509142391,0.0796949044,2,2,2,0,60.404980
0.0302422773,0.0320205241,0.0284902789,0.0373613276,0.0283966754,0.0290490929,0.0315365568,0.0457880460,2,1,1,0,23.816591
0.0504512824,0.0480124578,0.0443094410,0.0515934229,0.0392197445,0.0372135304,0.0424841568,0.0633691326,2,2,2,0,60.404980
0.0066868435,0.0094255060,0.0099186003,0.0144307986,0.0091142571,0.0095880218,0.0120331291,0.0179926548,2,1,1,1,7.542843
0.0155536728,0.0193975065,0.0190720893,0.0236680359,0.0178162046,0.0170339886,0.0190040525,0.0285824053,2,1,1,0,19.181620
0.0285314452,0.0296730343,0.0266436152,0.0337591246,0.0266646203,0.0276544783,0.0290932301,0.0421668701,2,1,1,0,23.816591
0.0407135561,0.0425258689,0.0389017649,0.0485921688,0.0365837477,0.0372577086,0.0393234864,0.0607610978,2,2,1,0,33.692356
0.0053175264,0.0056527266,0.0048522018,0.0050813658,0.0038627540,0.0054399008,0.0044430620,0.0065158438,2,1,1,1,1.046602
0.0419558473,0.0419448093,0.0398194939,0.0478063636,0.0353334993,0.0332851447,0.0387002155,0.0604923368,2,2,1,0,33.881832
0.0222540330,0.0219065230,0.0203011632,0.0249396097,0.0210277829,0.0217430573,0.0221128576,0.0303987376,2,1,1,0,24.588131
0.0053887842,0.0024741697,0.0012522971,-0.0003121526,0.0024367773,0.0031904737,-0.0003707856,0.0006467761,2,2,2,2,-13.710756
0.1072110906,0.1027083024,0.0937188789,0.1138730049,0.0843849406,0.0811152235,0.0914087072,0.1436637789,2,2,1,2,73.187454
0.0207861606,0.0085978722,0.0089629954,0.0081622573,0.0072113140,0.0075373454,0.0053962027,0.0138098197,2,2,2,2,22.766741
0.0042315018,0.0029457030,0.0035298527,0.0029959087,0.0036307666,0.0019933258,0.0022273732,0.0044775191,2,2,1,2,-14.995396
0.0024190042,0.0019744940,0.0012031172,0.0019468035,0.0025336086,0.0009820724,0.0013726481,0.0028018251,2,2,2,2,-13.013283
0.0309319925,0.0277893394,0.0270192344,0.0334433615,0.0265994295,0.0272489693,0.0300233271,0.0395584255,2,1,1,0,23.592421
0.1229145154,0.1170515642,0.1052812040,0.1283299774,0.0938405022,0.0898527503,0.1028965712,0.1643136740,2,2,1,2,48.859505
0.0022049481,0.0016098188,0.0010965832,0.0017032477,0.0021101569,0.0008910284,0.0012792812,0.0025572316,2,2,2,2,-12.613089
-0.0055752299,-0.0058151851,-0.0048430921,-0.0037264726,-0.0051577282,-0.0050240080,-0.0041242605,-0.0039705294,2,2,1,1,-23.053150
0.0128734633,0.0094216065,0.0090299491,0.0085588321,0.0096216910,0.0093022231,0.0072481562,0.0123845479,2,1,1,1,5.489507
0.0123844473,0.0087056272,0.0084779477,0.0053733829,0.0058958791,0.0051356982,0.0046822117,0.0076863519,2,1,1,2,7.536088
0.0684238821,0.0702938661,0.0624270663,0.0825390741,0.0610667095,0.0626821145,0.0720234141,0.1023510322,2,2,1,0,72.784096
0.0405241251,0.0416028760,0.0380211212,0.0476493984,0.0352119058,0.0356354490,0.0381627716,0.0599553995,2,1,1,0,25.126291
0.0791850910,0.0775389224,0.0700230375,0.0913819969,0.0675390959,0.0693920702,0.0804787800,0.1130713150,2,2,1,2,72.818657
0.1298790276,0.1282147467,0.1149043292,0.1556080133,0.1121789441,0.1164541617,0.1358238310,0.1951722354,2,2,1,2,48.859505
0.0075581279,0.0076610129,0.0067111109,0.0090249926,0.0053074518,0.0052286950,0.0060969014,0.0124298492,2,1,1,1,13.929379
0.0422584228,0.0419240780,0.0397757441,0.0477017127,0.0349368639,0.0336962566,0.0388134606,0.0602685176,2,2,1,0,33.881832
0.0418693051,0.0400127582,0.0371303633,0.0480407141,0.0361202992,0.0372704677,0.0412836261,0.0577780530,2,1,1,0,33.692356
0.0401799530,0.0419655442,0.0389104933,0.0479895659,0.0366800949,0.0364633314,0.0392100886,0.0604027919,2,1,1,0,25.339344
0.0064773937,0.0106749535,0.0103648957,0.0170772765,0.0077984319,0.0078197811,0.0128542697,0.0222715903,2,1,1,1,7.451963
0.0788590834,0.0794383362,0.0691084936,0.0937040001,0.0682672486,0.0696174353,0.0801547617,0.1166188866,2,2,1,0,72.784096
0.0118472688,0.0081182979,0.0081187496,0.0053487956,0.0054685967,0.0040407837,0.0042248978,0.0069846357,2,1,1,2,7.312128
0.1529121697,0.1525373310,0.1372336745,0.1895867288,0.1338216364,0.1389161795,0.1624392569,0.2402356863,2,2,1,2,48.864758
0.0109088775,0.0095415358,0.0083360830,0.0093620764,0.0068691885,0.0061181327,0.0066929199,0.0123492517,2,1,1,1,4.147861
0.0689590871,0.0697411299,0.0622132160,0.0822249278,0.0607001260,0.0624118373,0.0715631992,0.1018034443,2,2,1,0,72.784096
0.0126897627,0.0141082713,0.0128957080,0.0189509299,0.0122642191,0.0124212094,0.0141096599,0.0253881030,2,1,1,1,5.863392
0.0452573746,0.0483392961,0.0431691073,0.0581545457,0.0404879563,0.0418232791,0.0492041111,0.0718952343,2,2,1,0,60.306210
-0.0027182214,0.0019214111,0.0014177428,0.0054323655,-0.0005480211,-0.0004320377,0.0032360568,0.0077439179,1,1,1,1,-19.814985
0.0124605494,0.0139514431,0.0131455697,0.0192971043,0.0126644615,0.0128192389,0.0150031513,0.0251795221,2,1,1,1,7.257913
0.0463145487,0.0368720815,0.0347282439,0.0390061252,0.0311624892,0.0297165569,0.0325472578,0.0532907508,2,2,1,0,60.306210
0.0127756083,0.0041129608,0.0044795075,0.0012166126,0.0036307666,0.0023171743,0.0010259745,0.0027610483,2,2,2,2,5.920039
0.0149507606,0.0058083921,0.0058296942,0.0031425301,0.0047311601,0.0040324377,0.0039158566,0.0059962184,2,2,1,2,5.290927
0.0055443533,0.0082674092,0.0069486699,0.0111730844,0.0068509914,0.0070096962,0.0077282796,0.0148559138,2,1,1,1,0.475591
0.0472639725,0.0433286317,0.0392329358,0.0488209315,0.0381102487,0.0378040634,0.0423591249,0.0602079965,2,2,2,0,60.306210
0.0081245163,0.0086419322,0.0079728169,0.0101797450,0.0057619256,0.0073025520,0.0076850746,0.0132010020,2,1,1,1,5.471402
0.0127061410,0.0144417742,0.0132205607,0.0191239771,0.0124181081,0.0128531344,0.0140420580,0.0251795221,2,1,1,1,5.863392
0.0063652857,0.0035625871,0.0027883269,0.0011193617,0.0044572786,0.0043831212,0.0005198764,0.0023127983,2,2,1,2,6.893584
0.0122297257,0.0089604575,0.0085949712,0.0080879461,0.0091962842,0.0084905252,0.0069636828,0.0117992498,2,1,1,1,7.291049
0.0080915829,0.0067103226,0.0068421592,0.0081836134,0.0053255740,0.0048801485,0.0063484376,0.0116648730,2,1,1,1,5.917439
0.0029665232,0.0083155837,0.0088793170,0.0126768509,0.0072818999,0.0051622801,0.0090065245,0.0166858695,2,1,1,1,0.255067
0.0791155696,0.0800069645,0.0731157064,0.0902724639,0.0662401319,0.0629604459,0.0726995468,0.1128003448,2,2,1,2,72.818657
0.0131753422,0.0095590930,0.0090132095,0.0090551442,0.0099240858,0.0094800182,0.0075057242,0.0123845479,2,1,1,1,5.489507
0.1354579031,0.1284195781,0.1172779277,0.1421547532,0.1042957827,0.0995507985,0.1142118275,0.1813140661,2,2,1,2,48.864758
0.0228003338,0.0217307638,0.0202014856,0.0253315493,0.0217544902,0.0221610162,0.0218980685,0.0306452978,2,1,1,0,24.588131
-0.0032835305,-0.0029209461,-0.0026054280,-0.0019312986,-0.0032085087,-0.0030072513,-0.0028085229,-0.0022308249,2,2,1,1,-23.053150
0.0095607229,0.0066934298,0.0057467199,0.0046855449,0.0059325262,0.0064857723,0.0035936511,0.0067372862,2,2,1,2,5.519450
0.0307397172,0.0296814945,0.0270698294,0.0336182900,0.0259241518,0.0266282856,0.0307919253,0.0398940854,2,1,1,0,23.816591
0.0310072582,0.0280561689,0.0274917390,0.0339683853,0.0264010560,0.0274702832,0.0299821962,0.0393907130,2,1,1,0,23.198051
0.1126450375,0.1076324582,0.0967827290,0.1283774078,0.0945244282,0.0972644389,0.1120728552,0.1604376435,2,2,1,2,73.118057
0.1001151428,0.0997370556,0.0904772431,0.1126257107,0.0822956860,0.0787179768,0.0908386111,0.1411541253,2,2,1,2,72.834930
0.0067271362,0.0093578398,0.0099929459,0.0144063821,0.0093584387,0.0093780765,0.0120869186,0.0179108456,2,1,1,1,7.542843
0.0581380352,0.0575241446,0.0509608202,0.0676411092,0.0510617234,0.0526465811,0.0590209328,0.0836956352,2,2,1,0,68.730324
0.0014299199,0.0067103226,0.0076212082,0.0112214983,0.0063357684,0.0038612732,0.0078479284,0.0144504728,2,1,1,1,1.472640
0.0282296445,0.0306612942,0.0288849548,0.0341141969,0.0260972157,0.0246864613,0.0278206877,0.0432117954,2,1,1,2,23.816591
0.0124088833,0.0039100857,0.0041323970,0.0008034713,0.0032667103,0.0021593668,0.0007462039,0.0026795082,2,2,2,2,5.710429
0.0110800611,0.0094931852,0.0086322939,0.0093861660,0.0071119051,0.0062346649,0.0067724609,0.0121075623,2,1,1,1,5.704406
0.0029984368,0.0083444910,0.0091759600,0.0128470119,0.0075613461,0.0052286950,0.0092733772,0.0167674087,2,1,1,1,0.255067
0.0123457769,0.0142474957,0.0134729613,0.0161138605,0.0107743070,0.0114947027,0.0146719823,0.0184035078,2,1,1,1,7.888894
0.0324630849,0.0365716256,0.0323056206,0.0441300906,0.0291004870,0.0304660443,0.0369465090,0.0541869067,2,1,1,0,23.474661
0.0264858212,0.0180647150,0.0157014094,0.0154416813,0.0143584404,0.0144843953,0.0134518314,0.0225636922,2,1,1,2,22.084513
0.0081809945,0.0055268398,0.0059458893,0.0055455407,0.0056211413,0.0052277842,0.0045745582,0.0074798283,2,2,1,1,6.484070
0.0053168484,0.0013317815,0.0018593820,-0.0020034667,0.0017294609,-0.0005049537,-0.0007423736,-0.0017376909,2,2,2,2,-13.675962
0.2205635309,0.2201159745,0.1940949559,0.2699357271,0.1898259073,0.1964761019,0.2331369966,0.3537564576,2,2,1,2,59.571472
0.0286129881,0.0334895924,0.0320855118,0.0402943455,0.0286976378,0.0271894149,0.0321484171,0.0506383218,2,1,1,0,23.816591
0.0134356823,0.0152278058,0.0137375770,0.0197921991,0.0133119151,0.0133619206,0.0146373734,0.0262235869,2,1,1,1,5.155184
0.1225497052,0.1170126274,0.1054376736,0.1288173050,0.0944249853,0.0898730978,0.1025940925,0.1643136740,2,2,1,2,48.859505
0.0407096110,0.0398019142,0.0350784063,0.0474440381,0.0349058844,0.0359538831,0.0407242291,0.0576177835,2,1,1,0,33.692356
0.0220992584,0.0234631095,0.0213493910,0.0275932308,0.0206619129,0.0211753864,0.0238895938,0.0349035151,2,1,1,0,24.610802
0.0331587568,0.0350443013,0.0310808029,0.0408197679,0.0317783393,0.0325500146,0.0353152715,0.0498772748,2,1,1,0,23.474661
0.0082823969,0.0085012140,0.0085276533,0.0102743814,0.0060576969,0.0072210194,0.0078023141,0.0128461495,2,1,1,1,5.471402
0.0052552633,0.0114618866,0.0109607866,0.0173971020,0.0084070330,0.0065928129,0.0118583655,0.0225613657,2,1,1,1,1.118758
-0.0055518369,-0.0059352359,-0.0050018462,-0.0041216486,-0.0054043340,-0.0049836179,-0.0041757640,-0.0042789630,2,2,1,1,-23.053150
-0.0053568357,-0.0044639511,-0.0024856017,-0.0032843100,-0.0034092008,-0.0046037370,-0.0038150921,-0.0038548009,2,2,1,1,-23.053150
0.0117171602,0.0006807384,0.0020564867,-0.0029184083,0.0014698436,0.0015122242,0.0000011728,-0.0016974028,2,2,2,2,7.183367
0.0220503937,0.0243080668,0.0210662447,0.0281854980,0.0209850818,0.0215175562,0.0245648157,0.0345710330,2,1,1,0,24.610802
0.0214949176,0.0088722249,0.0092895040,0.0090303132,0.0080580898,0.0080178482,0.0057874559,0.0138938287,2,2,1,2,22.819477
0.0222781524,0.0198338106,0.0197047405,0.0261695962,0.0193715375,0.0198347047,0.0214035530,0.0304850992,2,1,1,0,24.588131
0.0754166618,0.0759148225,0.0682954416,0.0906531960,0.0642048120,0.0664786622,0.0783970207,0.1120512858,2,2,1,2,72.784096
0.0015239574,-0.0034542647,-0.0007750854,-0.0068177716,-0.0025103958,-0.0045558237,-0.0048187231,-0.0084450617,2,2,2,2,-14.416293
-0.0017662550,-0.0016421112,-0.0014935600,-0.0009953207,-0.0017591472,-0.0020395569,-0.0021877433,-0.0009498657,2,2,1,1,-19.541136
0.0465465486,0.0374695472,0.0356259830,0.0395985618,0.0314370804,0.0304235164,0.0330116153,0.0538046695,2,2,2,2,60.306210
0.0061089071,0.0034371901,0.0022947937,0.0031180889,0.0042565595,0.0048428490,0.0042921151,0.0055029895,2,2,1,2,6.893584
0.0053997799,0.0083348555,0.0071043940,0.0114394398,0.0068327948,0.0069763283,0.0077016959,0.0146936839,2,1,1,1,0.475591
0.0271122828,0.0175110027,0.0171185546,0.0165548138,0.0141835483,0.0135757290,0.0147354566,0.0228647925,2,1,1,2,22.153601
0.0081482064,0.0065569291,0.0068749287,0.0086160861,0.0054645403,0.0053864778,0.0065073897,0.0120270345,2,1,1,1,6.019427
0.0755768493,0.0758007392,0.0683048591,0.0905076116,0.0641293749,0.0663841516,0.0783189759,0.1117458194,2,2,1,2,72.784096
0.0683132559,0.0704745427,0.0618601665,0.0829106644,0.0601780303,0.0613698438,0.0715631992,0.1020522490,2,2,1,0,72.784096
0.0050982609,0.0050395168,0.0049000140,0.0055016330,0.0039392416,0.0055616242,0.0040301108,0.0061672893,2,1,1,1,0.431062
0.0470369011,0.0433803797,0.0390935577,0.0485086516,0.0378225781,0.0377340391,0.0421466120,0.0599864349,2,2,2,0,60.306210
0.0050851493,0.0034564792,0.0042315382,0.0032403101,0.0040316395,0.0023587137,0.0029768674,0.0049693934,2,2,1,2,0.431062
0.0252316725,0.0251650307,0.0227349009,0.0292242300,0.0241153464,0.0250661839,0.0246864855,0.0364868641,2,1,1,0,24.610802
-0.0039030747,-0.0076320125,-0.0069443583,-0.0110299336,-0.0060880152,-0.0067676301,-0.0083834752,-0.0137488842,2,2,1,2,-23.053150
0.1300643981,0.1280413270,0.1147016063,0.1559200883,0.1121087521,0.1161516756,0.1358784586,0.1948541552,2,2,1,2,48.859505
0.1493463069,0.1465493143,0.1325163990,0.1804732680,0.1300143898,0.1348634511,0.1571201384,0.2273898572,2,2,1,2,48.864758
0.0160540715,0.0198435783,0.0194640737,0.0247042999,0.0164416507,0.0146369319,0.0194892697,0.0314881839,2,1,1,1,19.343693
0.0225230064,0.0244556628,0.0220999327,0.0282842983,0.0212352704,0.0219185427,0.0242810734,0.0348203667,2,1,1,0,24.610802
0.0993484110,0.0995029509,0.0909586847,0.1122523472,0.0819619074,0.0791625828,0.0910828263,0.1419330984,2,2,1,2,72.794907
0.0656353757,0.0640675128,0.0578746535,0.0742164776,0.0545107163,0.0559376702,0.0652545094,0.0916843638,2,2,1,0,71.355324
0.0094879782,-0.0009032630,0.0000247417,-0.0038071219,0.0001083051,-0.0000842310,-0.0018284715,-0.0031851698,2,2,2,2,-2.588627
0.0067341388,0.0035915317,0.0030188658,0.0016058700,0.0044876998,0.0045418725,0.0006529936,0.0024349948,2,2,1,2,7.378904
0.1299444586,0.1281747222,0.1152780131,0.1556080133,0.1121945307,0.1167244613,0.1360241473,0.1954268813,2,2,1,2,48.859505
0.0180491209,0.0185441040,0.0180070251,0.0229860581,0.0186741967,0.0191953070,0.0198904201,0.0281461626,2,1,1,0,24.045708
0.0209300891,0.0209905040,0.0202493817,0.0224925969,0.0179383680,0.0165990200,0.0182797667,0.0278021879,2,1,1,0,24.605049
0.0155745680,0.0065960581,0.0071431440,0.0043421010,0.0058042775,0.0047341348,0.0051131374,0.0067784996,2,2,1,2,16.691933
0.0111045223,0.0095318658,0.0085499892,0.0094102556,0.0068995194,0.0061930423,0.0068520186,0.0125104645,2,1,1,1,5.704406
0.0078750793,0.0054201055,0.0032989979,0.0045628501,0.0060852603,0.0060827541,0.0060034953,0.0069433991,2,2,1,2,4.856594
0.0282746665,0.0284456816,0.0258838870,0.0331579521,0.0259282943,0.0266965758,0.0290795509,0.0416584648,2,1,1,0,23.816591
0.0063557853,0.0054567875,0.0069038598,0.0087226201,0.0058971411,0.0069138086,0.0066790651,0.0092054838,2,1,1,1,8.091270
0.0473076552,0.0433700308,0.0389281102,0.0483006053,0.0381358266,0.0375153013,0.0424158163,0.0602523237,2,2,2,0,60.306210
0.1924067736,0.1924609095,0.1716776639,0.2373987734,0.1674973667,0.1737703234,0.2046658546,0.3078342080,2,2,1,2,48.864758
0.0155134192,0.0194071978,0.0184600372,0.0236925632,0.0174072422,0.0169000961,0.0195683576,0.0284591038,2,1,1,0,16.847155
0.0040243682,0.0036976824,0.0028294842,0.0031425301,0.0043538646,0.0028409087,0.0031912848,0.0041499631,2,2,1,2,0.201067
0.0000001967,-0.0043128519,-0.0032615270,-0.0084325299,-0.0039051101,-0.0056227059,-0.0068207439,-0.0105363009,2,2,1,2,-19.541136
0.0452313758,0.0486142635,0.0426836237,0.0579137579,0.0412278473,0.0421231538,0.0488288775,0.0721708089,2,2,1,0,60.306210
0.0472727083,0.0435874574,0.0391719528,0.0487948991,0.0378161892,0.0379879363,0.0423307829,0.0601193532,2,2,2,0,60.306210
0.0122264614,0.0141810989,0.0131965885,0.0162569862,0.0109526487,0.0113886669,0.0144615108,0.0186016951,2,1,1,1,7.664933
0.1525065601,0.1525660306,0.1372563392,0.1894728690,0.1340283155,0.1388473064,0.1625174582,0.2400920987,2,2,1,2,48.864758
0.0253138132,0.0252834074,0.0229440089,0.0294719748,0.0244599935,0.0250240378,0.0254444350,0.0369046517,2,1,1,0,24.610802
0.0033257101,0.0109079257,0.0109690698,0.0161930304,0.0077741081,0.0060598804,0.0111332983,0.0204552803,2,1,1,1,0.183615
0.0264684241,0.0245060902,0.0226766933,0.0285784639,0.0252315607,0.0258729607,0.0256614462,0.0336088985,2,1,1,0,23.523027
0.0581918620,0.0620092526,0.0551784262,0.0751277581,0.0518692918,0.0529280417,0.0632549599,0.0927125141,2,2,1,0,71.355324
0.0040291208,0.0089617847,0.0082127303,0.0145284813,0.0069237864,0.0071265069,0.0104364147,0.0193450861,2,1,1,1,0.365007
0.0266634952,0.0171792153,0.0168022178,0.0164534822,0.0138152922,0.0133617427,0.0145004857,0.0225206986,2,1,1,2,22.084513
0.0537723340,0.0552479476,0.0514812320,0.0629727542,0.0475851372,0.0454945751,0.0511483029,0.0785182193,2,2,2,0,60.404980
0.0223925710,0.0238460228,0.0207583606,0.0273467302,0.0204547457,0.0212004110,0.0243215952,0.0351946801,2,1,1,0,24.610802
0.0290217679,0.0333582163,0.0317085572,0.0402687006,0.0282891411,0.0271464139,0.0323292501,0.0502024777,2,1,1,0,23.816591
0.0142870583,0.0101391235,0.0105059557,0.0101244561,0.0106038246,0.0093699452,0.0087145977,0.0127194161,2,1,1,2,6.043036
0.0285645891,0.0297930185,0.0262551159,0.0343863778,0.0267947111,0.0274423417,0.0295860972,0.0422092676,2,1,1,0,23.816591
0.0223271791,0.0200364403,0.0195889995,0.0259246659,0.0191040318,0.0199014470,0.0213365704,0.0304441676,2,1,1,0,24.588131
0.1131137386,0.1108724847,0.0977497250,0.1312887073,0.0961197615,0.0989415571,0.1152122170,0.1645773947,2,2,1,2,73.013718
0.0207749307,0.0210586675,0.0207728948,0.0226393249,0.0177246071,0.0172516610,0.0181993768,0.0276791472,2,1,1,0,24.535395
0.0156422444,0.0197465383,0.0184683017,0.0234473571,0.0180361290,0.0164569300,0.0195414666,0.0283358470,2,1,1,0,19.181620
0.1076642498,0.1027829275,0.0942247659,0.1136856526,0.0843265429,0.0812245607,0.0915391296,0.1440556794,2,2,1,2,73.118057
0.0063355155,0.0078957910,0.0077861734,0.0098018320,0.0091690840,0.0094980374,0.0086615672,0.0111447982,2,1,1,1,7.078603
0.0033017537,0.0106749535,0.0107123833,0.0159232616,0.0076038884,0.0059101302,0.0108651118,0.0203317609,2,1,1,1,0.183615
0.0991920233,0.0945431963,0.0851038694,0.1118949279,0.0826999769,0.0853728950,0.0977454931,0.1394131929,2,2,1,2,72.794907
0.0108968941,0.0081867659,0.0071597998,0.0052996255,0.0068743657,0.0072678602,0.0041173766,0.0083066113,2,1,1,2,4.168940
0.0307503957,0.0324133784,0.0286516622,0.0366027355,0.0283655636,0.0287425127,0.0319361500,0.0459164977,2,1,1,0,23.816591
0.1361913681,0.1283255816,0.1163743436,0.1412125230,0.1036572158,0.0994568467,0.1138481125,0.1814378947,2,2,1,2,48.864758
-0.0054894472,-0.0044454029,-0.0027092462,-0.0032843100,-0.0035684966,-0.0044176974,-0.0037764288,-0.0037004412,2,2,1,1,-23.053150
0.1925743818,0.1924609095,0.1717149466,0.2380034626,0.1679137051,0.1738585532,0.2050601691,0.3076621294,2,2,1,2,48.864758
0.0254205577,0.0226915870,0.0219689142,0.0270772409,0.0212983675,0.0223793741,0.0241602510,0.0317150541,2,1,1,0,24.588131
0.0066868435,0.0106749535,0.0102491379,0.0169051755,0.0076707513,0.0079117566,0.0127464766,0.0225199554,2,1,1,1,7.542843
0.0145327365,0.0104836859,0.0112882555,0.0104981940,0.0112042604,0.0100647975,0.0089187268,0.0131803518,2,1,1,2,6.008264
0.0223762095,0.0198723972,0.0197378155,0.0261940975,0.0191891268,0.0198013373,0.0212829933,0.0303214081,2,1,1,0,24.588131
0.0996105373,0.0998726562,0.0912699476,0.1125323400,0.0822013244,0.0792911202,0.0911968499,0.1415434182,2,2,1,2,72.834930
0.0327311419,0.0366634876,0.0327434167,0.0428949110,0.0362634063,0.0314422585,0.0366671570,0.0532685742,2,1,1,0,23.474661
-0.0034011956,-0.0029488951,-0.0028529475,-0.0021649268,-0.0033973982,-0.0030965754,-0.0030023050,-0.0023083175,2,2,1,1,-23.053150
0.0792670548,0.0791715756,0.0693547577,0.0934979916,0.0684265345,0.0705208555,0.0799351931,0.1171368212,2,2,1,0,72.818657
0.1926388741,0.1927035898,0.1719635725,0.2376578152,0.1675335616,0.1738333404,0.2047534585,0.3071462810,2,2,1,2,48.864758
0.0119164195,0.0109061981,0.0112919426,0.0135469511,0.0103169521,0.0107286610,0.0117491791,0.0151681677,2,1,1,1,7.291049
0.0308420938,0.0323327556,0.0282780416,0.0371082909,0.0285833981,0.0288446788,0.0315227881,0.0456168503,2,1,1,0,23.816591
0.0578421317,0.0618110746,0.0544038974,0.0750717521,0.0517102852,0.0527555086,0.0629102737,0.0934900716,2,2,1,0,68.730324
0.0012392811,0.0068829744,0.0079168519,0.0110520767,0.0064508743,0.0039936523,0.0078346319,0.0144909974,2,1,1,1,0.884249
0.0223950185,0.0251741242,0.0232257135,0.0302249342,0.0223507844,0.0215896685,0.0252179075,0.0376951993,2,1,1,0,24.610802
0.0337464772,0.0349833556,0.0313887671,0.0408197679,0.0320987143,0.0325586125,0.0362764224,0.0501803644,2,1,1,0,23.474661
0.0375129990,0.0394517407,0.0357531868,0.0461719409,0.0350452140,0.0354595222,0.0394279100,0.0573969111,2,1,1,0,25.592796
0.0258399341,0.0249875486,0.0230276845,0.0289766509,0.0242199376,0.0249481909,0.0254579820,0.0364033580,2,1,1,0,24.520260
0.0079824803,0.0085199736,0.0080772880,0.0100851329,0.0058683762,0.0067403372,0.0072945431,0.0126097687,2,1,1,1,5.041613
0.0706119835,0.0730849430,0.0666844398,0.0814925879,0.0609445237,0.0580516718,0.0668389052,0.1034398600,2,2,1,2,72.784096
0.0053408253,0.0036397779,0.0047193677,0.0037051137,0.0043416996,0.0027909973,0.0037949970,0.0054619168,2,2,1,2,0.290573
0.0420163460,0.0425985716,0.0399332754,0.0475447923,0.0355063640,0.0336437486,0.0390542224,0.0608059131,2,2,1,0,33.881832
0.0270783957,0.0182259679,0.0181892477,0.0172902904,0.0149148954,0.0143470950,0.0159402769,0.0232092049,2,1,1,1,21.990278
0.0076417872,0.0050322697,0.0058960868,0.0049556158,0.0055784225,0.0047257734,0.0039292877,0.0069846357,2,2,1,1,6.192237
0.0406791084,0.0422455892,0.0376381241,0.0473356694,0.0353975147,0.0359434895,0.0382899903,0.0593299456,2,2,1,0,33.692356
0.0075211753,0.0051582670,0.0030682855,0.0044401959,0.0059691765,0.0063765785,0.0062196604,0.0070671225,2,2,1,2,13.744359
0.0261898860,0.0173098799,0.0153947864,0.0145585975,0.0141585702,0.0139440726,0.0127772847,0.0220910255,2,1,1,2,23.081745
0.0754543543,0.0759947002,0.0680600479,0.0907114521,0.0641636625,0.0659685507,0.0786468461,0.1119494364,2,2,1,2,72.784096
-0.0028046435,0.0018363469,0.0013047276,0.0051464438,-0.0006847663,-0.0006119016,0.0029472383,0.0075847507,1,1,1,1,-19.814985
0.0280428901,0.0285452995,0.0255635753,0.0327327065,0.0261261556,0.0262988806,0.0291890167,0.0414891504,2,1,1,0,23.816591
0.0419898778,0.0402075052,0.0372170135,0.0480407141,0.0363302715,0.0370520018,0.0415522084,0.0579101853,2,1,1,0,33.881832

DONE. Average runtimes:
 - CALIBRATION -
  450nm: 11.93 usec
  475nm: 11.33 usec
  515nm: 11.75 usec
  550nm: 11.67 usec
  555nm: 11.67 usec
  600nm: 11.64 usec
  640nm: 11.72 usec
  690nm: 11.64 usec
 - CLASSIFICATION -
     RF: 1699.06 usec
    SVC: 1798.18 usec
  XGB_f: 316.22 usec
  XGB_d: 455.92 usec
 - CONCENTRATION -
  XGB_f: 402.46 usec
  XGB_d: 0.00 usec
   lin1: 0.00 usec
   lin2: 0.00 usec
 - OVERALL -
       : 4781.00 usec