,450nm,475nm,515nm,550nm,555nm,600nm,640nm,690nm,percent
928,0.0090356637250344,0.0063722108839617,0.0055376005192829,0.0044570224562461,0.0056430744985713,0.0055475557789881,0.0039824756489884,0.0040593938327845,18.0
622,0.2208277309093973,0.2201686895688845,0.195072883038852,0.1851847306159707,0.1807054420498142,0.1886625907925539,0.1965481446367878,0.2065488278919872,100.0
22,0.0182828326711231,0.018679498761491,0.0164701474641709,0.0154719628137959,0.0162835430661666,0.0178148635927363,0.0166183901420781,0.0162297559800616,6.0
851,-0.0049153159891938,-0.0090006737121399,-0.0085991835290359,-0.0077469995335676,-0.0071917098046554,-0.0078632357174559,-0.0084360810451908,-0.0092397148828747,4.0
111,0.0369362704151876,0.0394002753707498,0.0350797172197192,0.0318588085580101,0.0326203267414429,0.0334901958234804,0.0331513424075753,0.0332891437592212,30.0
986,0.0135673354408216,0.0051001083986278,0.0047916413126069,0.0020592075204708,0.0040705774061517,0.0031253249325835,0.001748475988061,0.0020373344016182,45.0
555,0.0993627561675142,0.0945673190062906,0.0850448458444714,0.0771134221168404,0.0782391764303734,0.0811041951743352,0.0822805461497124,0.0811971526012199,40.0
538,0.0755108901644069,0.0757323114059787,0.0680271477169329,0.0625526321879034,0.0608856408654944,0.0634705317154041,0.0660035273728608,0.0650607523117145,30.0
822,0.1357244495980733,0.1282987287528074,0.1169962943657374,0.0975526890954519,0.0978388521983921,0.0948358855426177,0.0952666419178891,0.1055434080282827,90.0
1,0.0066479457731289,0.0081768841958527,0.0068377922622646,0.0071013115330336,0.0085741432890521,0.0082672902667787,0.0070424325560551,0.0061097262920364,2.0
322,0.0035653606112688,0.0107914190560692,0.0102061487797643,0.0114392820195711,0.0069220041798721,0.0056776777442874,0.0090026760423368,0.0115835286632765,30.0
73,0.0287884009969335,0.0290138937662433,0.0256472383935011,0.0230455341203794,0.0241458751846107,0.0259040548512857,0.0242676285177716,0.0242204559932735,16.0
666,0.0185445283117403,0.0227281296394988,0.0205489020649021,0.0187611156666885,0.0183162005093351,0.0178783398954642,0.0178836642278625,0.0186157386113146,8.0
421,0.0063009870814537,0.0054567873112841,0.0059880416197691,0.0063310863124129,0.0050964890042427,0.0063929564831689,0.0055745036973039,0.0048387761126162,2.0
1039,0.0420042732783815,0.0318678244695647,0.0289356783410205,0.0225357050998521,0.0233966254332474,0.0241801985875947,0.0212558849248946,0.0255947879534454,90.0
244,-0.0025453174318091,0.0019875869276322,0.000660654329954,0.0040460041234877,-0.0010937219959555,-0.0007234388219608,0.0023783622729263,0.0041414697008936,8.0
601,0.1527382869700473,0.152006745350667,0.1372536089300475,0.1300146627248418,0.1267784856738262,0.1330037672815923,0.1368723316235361,0.1404255237991316,80.0
638,0.0043630959093333,0.0049374241511844,0.0033062834276004,0.004223202427539,0.0029923669404564,0.0049481219227283,0.0036087958501279,0.0031051206764357,2.0
173,0.0575733371164772,0.0576002159553419,0.0507100335548644,0.0464450022237179,0.0484903463143934,0.0504319495595236,0.0494331790943273,0.048969515817893,70.0
313,0.0050065033940109,0.0080458988692354,0.0061470218761217,0.0082208076989469,0.00595423839927,0.0062609530344086,0.0062508769841775,0.0081865770917111,25.0
574,0.1131450182366418,0.1110118690125415,0.0979668071583541,0.0901896330704732,0.0913387152631415,0.0949884473454244,0.0973831038577606,0.0960649965519887,50.0
253,-0.0017898870143541,-0.0014175770344974,-0.0022389930232409,-1.349567418237928e-05,-0.0020286556339775,-0.0021869043280382,-0.0017209995581065,-0.0009484373900113,10.0
965,0.0105076962757673,0.0004321450493012,4.886033975478463e-05,-0.0019644511561933,0.0001924445881718,0.0008305551038276,-0.0008734975957876,-0.0018338166635738,35.0
263,0.0041571567944878,0.0089907486769768,0.0075311908758962,0.0105012383710727,0.0061163151018021,0.0066930294505144,0.0088667786903558,0.0110297206256122,12.0
663,0.0189261696084999,0.0226009179073262,0.0199525771009015,0.0185412131552686,0.0189142157371158,0.0175880171732146,0.0176097643291645,0.0185427952942865,8.0
410,0.0178929592086476,0.0198834747748203,0.0186033740205571,0.017381458750054,0.0167531107967428,0.0146182511046566,0.014983170345575,0.0181422630534317,100.0
155,0.04065824926746,0.0396267817156899,0.034285319703143,0.0329599231147273,0.0331098634826292,0.0342136121755216,0.0344257805935899,0.0338070507710062,50.0
751,0.0506281330595959,0.0481497258724453,0.0442696387582959,0.0359811241895582,0.0373321229038951,0.035370376583054,0.0355891027549647,0.0369195409499955,35.0
230,-0.0055752303160827,-0.0058059484426957,-0.0057903656274074,-0.0022977382197094,-0.0055143548024377,-0.0051424815127812,-0.0036420656424916,-0.0027620889469283,6.0
677,0.0221900761386953,0.0254108296649104,0.0230536729498178,0.0210901395022273,0.0206848248923382,0.0210061357262167,0.0210507336128144,0.0219236550118436,10.0
1029,0.0270699244857299,0.018679907217853,0.0163808724801562,0.011771290488888,0.0144002361970428,0.0147261180441195,0.0121094735245357,0.0135744359929215,80.0
408,0.0157402154589091,0.0196341918648119,0.0188600028409919,0.0173127609111773,0.0149145748848979,0.0138496382830029,0.0159080542705601,0.0181671084416018,90.0
80,0.0222784792189849,0.0241900369098208,0.021005490491709,0.019627333729729,0.0193948708052635,0.020208073489525,0.020465482726763,0.0200424658053809,18.0
765,0.0673972717299847,0.0680252026069468,0.0631208344597103,0.0521802624194489,0.0549843511963521,0.0518490926132719,0.0520622124970747,0.0558289024287505,40.0
422,0.0061444640532542,0.0055584389514311,0.0060928912214623,0.0064430697960704,0.005208459116488,0.0060916492926284,0.005705177477066,0.0048840185431912,2.0
64,0.0221236934370258,0.0235023607675791,0.0206100348181613,0.0193403203861943,0.0190110043628328,0.0199680310562905,0.0201117273521751,0.0200424658053809,14.0
557,0.0995034148964733,0.0946397161420026,0.0849254958971165,0.0772400791438397,0.0785692876908418,0.08159021556183,0.0824611115683284,0.0811009248299334,40.0
343,0.0134028633521225,0.0151786244313143,0.0129507788749064,0.0137995819925476,0.0119536758421746,0.0123905521368714,0.0122704627805044,0.0150586327876038,40.0
97,0.0278195287060375,0.029023871039385,0.0248129339054696,0.0232339272301954,0.0238157703001477,0.0252215753794782,0.0241867442333853,0.0237990428379925,20.0
937,0.0104347668077642,0.0078738817164674,0.0058565505205044,0.0039689284338628,0.0059934634220605,0.0064581185866628,0.0031301012556827,0.0043497934438449,20.0
284,0.003046312835261,0.0083734011958698,0.0081628000892957,0.0091504944567472,0.0066841652577838,0.004752780353038,0.0075448399396973,0.0094721590564589,16.0
1014,0.0270783964710921,0.017974044173965,0.0164585944832341,0.0117539545066598,0.0131700141279953,0.0129799213149598,0.012413234764723,0.0129942150004264,70.0
44,0.0230043844692351,0.0221214680094915,0.0190490998224677,0.0176082234186512,0.0202163382136021,0.0210414693157904,0.0185757905434143,0.0173569797071354,10.0
206,0.0790298126075927,0.07909042215359,0.0691347223720703,0.0643994214907056,0.0646181783973045,0.0670734049700745,0.0676343580784475,0.0684300979741847,100.0
1015,0.0270106259736436,0.0182360477714033,0.0169685029255568,0.0120488264229308,0.0133429438725541,0.0128813343114328,0.0127991997699707,0.0129942150004264,70.0
379,0.0078166779422028,0.0078534003426117,0.0061387487394499,0.0067831550587547,0.0047929199096556,0.0048802103888179,0.0051523706846004,0.0070029316122148,60.0
970,0.0103456501447996,0.0064987147209189,0.0060749351762371,0.0031966192995441,0.0034899289587866,0.0027338551284217,0.0023592683951016,0.0030460245359537,40.0
384,0.0084395480418222,0.0065473443637491,0.0057914409735546,0.0063057309684112,0.0047121729793033,0.0049439424256184,0.0054882418561674,0.0066726569214957,70.0
880,0.0020147791607817,0.0014563902517524,-2.5548863459577466e-05,0.0013425684290205,0.0011767580971195,0.0004733227483908,0.0005979751853695,0.0011048457165511,10.0
761,0.0684255671632094,0.0687096491466981,0.0636105415904235,0.0527982782254431,0.0545365879302291,0.0527017341919972,0.0529159159804231,0.0556271514378619,40.0
973,0.0114489541725979,0.0074343831869368,0.0069413208024724,0.0038512523118508,0.0039892295978243,0.0032132647936087,0.0030279709960498,0.0035038713120928,40.0
33,0.0212125745219303,0.0202502366150124,0.0182626938534228,0.0165712397329956,0.0179951755824054,0.0187542843328118,0.0172506704505856,0.0163493972970617,8.0
411,0.0178680488963998,0.0199632846161318,0.0186033740205571,0.0174673570524643,0.016944052941284,0.014724678671686,0.0152141371197852,0.0182913777863547,100.0
777,0.0718176579366786,0.0730735622648957,0.0669138084713912,0.0567344167291053,0.0582852677104569,0.0551286421598286,0.0563411342892554,0.0600504899126612,45.0
528,0.0654610584698168,0.0641335839079436,0.05742422310923,0.0513593587656747,0.0514847634256371,0.0534849936746567,0.0550655730347407,0.053398645072583,25.0
295,0.0012551640634368,0.0069021630083259,0.006544346269063,0.0080717090230458,0.0051911546722379,0.0033461046165377,0.0060824900107471,0.008044200544036,18.0
983,0.0127837626833935,0.0043449681820293,0.0040220870366269,0.0016089898903868,0.0030782426217233,0.0023747188505157,0.0010373770114683,0.001463024310074,45.0
412,0.0177269218645787,0.0197937114925954,0.0188257755616663,0.0172612496606037,0.0166934623695683,0.0148393283803206,0.0152487967324667,0.0181422630534317,100.0
20,0.0179846756181839,0.018698845621106,0.0168779314313442,0.015871152432716,0.0168319884855047,0.0176399897544676,0.0162351233250556,0.0161340900817734,6.0
829,0.1344821693032878,0.1287555142415719,0.1161936294728058,0.0978985437550538,0.0986894412852657,0.0949559450058913,0.0953980083095349,0.1057607382487448,90.0
741,0.0548442063986762,0.0558526378144655,0.051436263837742,0.043849524228901,0.044346330269063,0.0433286086526172,0.0436747237887399,0.045907759647026,30.0
636,0.0047617822836824,0.0054389041417413,0.0041261849266762,0.0039835231651984,0.0036832155994818,0.004683648295573,0.0036197081314895,0.0032864095459687,2.0
1045,0.0467876253889357,0.0377366185963122,0.0354916434568683,0.0276498792482773,0.0298352633350059,0.0294066682506686,0.0278519030739354,0.0311358063770394,100.0
460,0.0253628874271655,0.0225359600435579,0.0212019449475606,0.0187855349315746,0.0198394145748304,0.0210657542861009,0.020112381207109,0.0181516924677338,10.0
130,0.0326473539022804,0.0365614199981092,0.0315223760161178,0.0297058686029036,0.0341030899788693,0.0294839379989926,0.0307947374665261,0.0304368664159048,40.0
1034,0.0402799646100453,0.030829843496832,0.02785699280097,0.021525050085485,0.022079960939445,0.0229783530749614,0.0206433994576578,0.0247689781372951,90.0
644,0.0078404995082875,0.0085481136335914,0.0074968212338911,0.0076997686914381,0.0053512607055553,0.0062265704457962,0.0062386344978486,0.0071517221054996,4.0
837,0.1493814610867904,0.1430384152386992,0.1290667104084763,0.1080656983261753,0.1091187035590719,0.1050536677971266,0.1053043428000128,0.1181363467137548,100.0
859,-0.0030444130895659,-0.0070437215510938,-0.0071255922191835,-0.0067331751650506,-0.0056852407446462,-0.0058030781522636,-0.006537607044593,-0.0078471987940002,4.0
512,0.0418951406101374,0.0400537510888077,0.036496206266449,0.0333147675853944,0.0341851474581189,0.0353504518510722,0.034934557061851,0.033331604999488,20.0
696,0.0286129908932786,0.0307515096945669,0.0277280141976116,0.0242519820949297,0.0240145000238546,0.023300423477332,0.0231218759643628,0.024806581576796,14.0
450,0.0221311195512454,0.0198434568228849,0.0187330560931483,0.0181314180053795,0.0177104510976521,0.0187381024247065,0.0177498582921522,0.0172879559543541,8.0
984,0.0129795016598439,0.0046739219849413,0.0044066676548267,0.0017923160570944,0.0034203147339204,0.0027258704056497,0.0010937548882215,0.0017021367192908,45.0
549,0.0790804274060403,0.0778715745362526,0.0697329378411619,0.0630315037790652,0.0636329144967364,0.0662645136936665,0.0678020874790389,0.0660163927158245,35.0
143,0.0319275475391689,0.0366022430719889,0.031764842071065,0.0304802471820199,0.0269820257619337,0.0282539146143487,0.0316808383158525,0.0314604272682293,45.0
404,0.0158062688618037,0.0196242244172425,0.0186803443106667,0.017381458750054,0.0149917332956399,0.0135067483561942,0.0162903606372162,0.0179187816270356,90.0
842,0.0035786245853819,-0.0028680270732751,-0.0026534930565871,-0.0022599923918048,-0.0028183798947961,-0.0020488857333008,-0.0030400879098648,-0.0031481064266124,2.0
832,0.1491049765279282,0.1427999660471295,0.129044287149802,0.1079696763815792,0.1077605606962413,0.1042003677105569,0.1048677527445597,0.1177148813847836,100.0
899,0.0067180946885456,0.0035818829690509,0.0025625863252519,0.0017423049546095,0.0038846668601163,0.0045510128910531,0.0006880589874402,0.00115256894454,12.0
146,0.032111551916982,0.036857500389953,0.0317128719191247,0.0301631719905459,0.0272912806082669,0.0289914212327509,0.0313142813358036,0.0312553310670357,45.0
451,0.0221311195512454,0.0197952286538171,0.0188081393091928,0.0181146677942928,0.0177568499972959,0.0188101127372794,0.0179309637003277,0.017455637472182,8.0
703,0.029339090437546,0.0337929678783472,0.0311446922322657,0.0276636695387527,0.026601296763054,0.0255270838245094,0.0270114687307225,0.0291270226203268,16.0
1043,0.04639484085883,0.0373200812271877,0.0346386885407956,0.0273732929561723,0.0293545448930986,0.0285903486393214,0.0273735291383636,0.0309716176618694,100.0
16,0.0174775503572534,0.0168562588352645,0.0150173692441541,0.0138649008737921,0.0164624166269599,0.0165687672046743,0.0141242520974103,0.0135195622701226,4.0
362,0.0122232977542017,0.0139514425021034,0.0123447374675937,0.0134610573229301,0.0117712729029643,0.011984046809538,0.0125223582212282,0.014593708677111,50.0
258,-0.0018292701261036,-0.0014269356465351,-0.0019799894394341,-0.000350226884378,-0.002000360350739,-0.0023977132961425,-0.0018304652165755,-0.0011304816299213,10.0
10,0.0171961116383328,0.0164236170945005,0.0149428062065493,0.0137988469685891,0.0162720059216027,0.0165608441741185,0.0142585671721274,0.0135431903135451,4.0
469,0.0253381740017757,0.0227694273728014,0.0214539272449755,0.0188527187062216,0.0200086484701159,0.0210496495610804,0.0201351839136602,0.0181757339661623,10.0
705,0.0290384640627753,0.0339447580666653,0.0308335866694923,0.0278915753700876,0.0265773140495771,0.0255270838245094,0.0273642499557669,0.028973972818235,16.0
998,0.0163228715375418,0.0075319995613455,0.0064532080733869,0.0039521142380399,0.0058941515477589,0.0053142446106694,0.0050197934390314,0.004083579061179,50.0
224,-0.0033776656456072,-0.0027532032701782,-0.0036200329828215,-0.0009424367145736,-0.0036208808341548,-0.0031851957750673,-0.0024864623173737,-0.0016757058944374,4.0
564,0.1128220408511148,0.1076199103226096,0.0971852318281578,0.0884407800116196,0.0899862561183035,0.0930631233259842,0.0945408337891696,0.0938100652125587,45.0
368,0.0125342100119391,0.0138926510240921,0.0126476362912614,0.013681047291032,0.0117300980714063,0.0121872417572022,0.0126942205604986,0.0145203899735364,50.0
804,0.107180218385982,0.1032434564672458,0.0939879284389556,0.0788322676123908,0.080541997436377,0.077516010669706,0.0774780788816886,0.0841441137199578,70.0
661,0.0178553157443875,0.0218679486484624,0.0205993390097935,0.0181019755603659,0.0181697812771193,0.0175638342404925,0.017222146300533,0.0183726888808021,8.0
735,0.0417226048522669,0.0425050993671712,0.0395901100229175,0.0329218983137944,0.0334541586803342,0.0315027450654876,0.0327278216219387,0.0348142064978717,25.0
8,0.0062496432606513,0.0079988310933744,0.007381395126473,0.0066353065618914,0.008213039737802,0.0085073557271627,0.0070314907385455,0.006086888690714,2.0
812,0.1233334398540099,0.116506793695946,0.1061859375894899,0.0882985391653973,0.089700494823918,0.086188338815874,0.0868005059453924,0.0957383597912939,80.0
377,0.0078005133442147,0.0078630226344839,0.0059650548291531,0.006601958047307,0.0047525441555118,0.0049598772083057,0.0052083243741787,0.0070501544993961,60.0
1003,0.0212362749938164,0.008852620576284,0.0084686486718723,0.0062660378472482,0.0067186950347045,0.0070799204372122,0.0045976151001128,0.0077174343515048,60.0
126,0.0331252011804182,0.0341312526478519,0.0300018669855078,0.0279371519519291,0.0292362151521135,0.0306275458638326,0.0303585099272273,0.0291387435354194,35.0
303,0.0067674329507893,0.0095512071533222,0.0091538994231237,0.0102839702850055,0.008463099563522,0.0089740573810942,0.009842006434619,0.0101896539271523,20.0
336,0.005351601635699,0.0115299796714289,0.0101643367982406,0.0122797434784761,0.0073865380515986,0.005957211658137,0.0097398062920306,0.0128893180353387,35.0
915,0.0053568111089516,0.0036590781353503,0.0037631344270406,0.0029285367471845,0.0035653597312824,0.0021195521346883,0.0026311119289046,0.0027092767205917,16.0
734,0.042197887935662,0.0416650194655835,0.0387599328534136,0.0323322738579753,0.0332219633174862,0.0310253554027781,0.0324048562742504,0.0349976153874161,25.0
895,0.005932748579166,0.0031865375252493,0.0012994784795112,0.0007607389747487,0.0032753287982981,0.0036052596319807,-9.930302492290946e-05,0.0005805771486227,12.0
631,0.0046679353928768,0.00559693342714,0.0042147123767625,0.0042871549184008,0.0037900516815264,0.0049948140341742,0.0030636627209296,0.0035813252123658,2.0
992,0.0153446235318484,0.0063430244938087,0.0057138289774017,0.0029955309986179,0.0045532357821289,0.003925574028828,0.0036298814880647,0.003335079259239,50.0
850,-0.0053116772012165,-0.0092050257974564,-0.0089787916349821,-0.0078915034888526,-0.0073493229534966,-0.0082428747709397,-0.0086001513772526,-0.0092397148828747,4.0
726,0.0404724800598471,0.0416443034583636,0.0368855293721474,0.0331903602637861,0.032977710620204,0.0338402370695297,0.0326081662523891,0.0346571213459088,20.0
788,0.0780098462000223,0.0807862982496725,0.0728737968807217,0.0622125358323078,0.0624118186942859,0.0613144459965205,0.0618055657705915,0.065527730892518,50.0
651,0.0153765911776825,0.019630154079599,0.0183446922672097,0.016369307937447,0.0163067385644259,0.0161399257917302,0.0162778988984319,0.0163416772039343,6.0
18,0.0176062787938501,0.0164140091958619,0.0151002343776571,0.0140301104454573,0.016341234397104,0.0170444703119834,0.0142585671721274,0.0136613688802628,4.0
270,0.0063807640344204,0.0105585282731532,0.009329070319236,0.011993676031536,0.0067421601036649,0.0072539060176343,0.0104900443805461,0.0126469155745476,14.0
118,0.0366990521240032,0.0390402406433155,0.0351845980730454,0.0320538213631618,0.032656565649959,0.0340222219390466,0.0329136999905889,0.0332374205258199,30.0
629,0.2205496304155652,0.2202389877400043,0.1949396881991068,0.185378162883478,0.1804397158434819,0.1885725675870216,0.1966080014710967,0.2066627538790543,100.0
184,0.0583174852689378,0.0620863515207006,0.0547763397290412,0.0516195694653261,0.0487367082808181,0.0502926260534499,0.0526158637122186,0.0541435723102173,80.0
353,0.0127307092148489,0.0143730845375441,0.0124877426721405,0.013477972899692,0.011248118580687,0.0120734383736848,0.0118701342997103,0.0143494086345958,45.0
36,0.0199958007079774,0.0199782224886842,0.0182961245137237,0.0166547114820423,0.0180531449348014,0.0189217281591426,0.0177143952276826,0.0164691041745434,8.0
339,0.00530342922758,0.0115299796714289,0.0099553464785476,0.0123302592604934,0.0075376421449284,0.005957211658137,0.0098874393551332,0.0127923247713409,35.0
137,0.0326389760765086,0.0367145322592289,0.0318341467623711,0.0292669249539986,0.0337151596903845,0.0291883466117931,0.0305588638573421,0.0305900951399216,40.0
479,0.0263445091904637,0.0245550023928125,0.0222024680593098,0.0201325811496287,0.0233278351001716,0.0244639044649008,0.0214491207726932,0.0192603490244,12.0
214,-0.0054972468653627,-0.0043340930252825,-0.0035071554881194,-0.0018839386841437,-0.0037729550987004,-0.0046076213786232,-0.0033481156064102,-0.0026265861563229,2.0
969,0.0121076225643082,0.0007189998815388,0.0012911825676401,-0.0012899939818364,0.0012632313435961,0.001466516624719,0.0002154058886864,-0.0013153173743613,35.0
268,0.0042612179877121,0.0092225484787502,0.0074149572342559,0.0105012383710727,0.0061857991367914,0.0067650929292262,0.0088781012329015,0.0110297206256122,12.0
542,0.0790328619250272,0.077607716436735,0.0697902491794952,0.0630914259345298,0.0638111009162563,0.0664655739527225,0.0680143588387976,0.0658667980545996,35.0
159,0.0409151297269143,0.0400080709544219,0.0339715144458382,0.0325864328404518,0.0330856730243347,0.0340971015818989,0.0344377155592815,0.0337552047816208,50.0
166,0.0458558022429611,0.0483710100364871,0.0422967978202117,0.0402719406905491,0.0386195016317444,0.0399357686205431,0.0414860605649629,0.041458043102909,60.0
955,0.0047498400084324,0.0003843598532457,-0.0001412673053987,-0.0017179051764479,-0.0001178267799911,-0.0015048342429046,-0.0012542868047362,-0.0016689730696202,30.0
170,0.0577345926646156,0.057361191416659,0.0503003472386376,0.0464450022237179,0.0478720342045343,0.0498923728309547,0.0491454307854605,0.0486085510102158,70.0
997,0.0161500530670483,0.0071612090177617,0.0064027497340064,0.0039016782939455,0.0055555311175767,0.0050087565745804,0.0047572917860378,0.003938507838194,50.0
347,0.0134110678314988,0.0154049178706765,0.013068733572084,0.0137657093187305,0.0119360198604439,0.0126183969650075,0.0121789143074643,0.0150586327876038,40.0
32,0.0212125745219303,0.0203960496461702,0.0185134961546395,0.0166046251576783,0.0180009720929587,0.01861879192461,0.0177143952276826,0.0165409597999652,8.0
874,0.0036979680744216,0.0038038671778458,0.0029790098154033,0.0038008362878212,0.0025223521505733,0.0020239115003118,0.0025064878830667,0.0032627797135683,8.0
746,0.0544865734042911,0.05547457893315,0.0517739985893245,0.0435509732904074,0.0439746903500567,0.0430168978676287,0.0428580032458081,0.0462662637959399,30.0
105,0.0302422808809827,0.0320205229832045,0.0278611226038201,0.0259900254330979,0.026578020442867,0.0276241408500234,0.0264826589685559,0.0264149802272595,25.0
758,0.0504512828464117,0.0480124559213834,0.0438312493161147,0.0357277981505863,0.0369060040000297,0.0354551056849216,0.035734058889481,0.0367080921008187,35.0
305,0.0066868438758968,0.0094255053527245,0.0091122040706622,0.0103006766516761,0.0081776391979367,0.0089579428666286,0.0100010503047132,0.010141747550809,20.0
657,0.0155536729640902,0.0193975066235017,0.0183530489125211,0.0166209077825717,0.0164815316602602,0.0160997845518856,0.0158919136806267,0.0163416772039343,6.0
72,0.028531446162899,0.0296730339204731,0.0259968331493212,0.0235253539408502,0.0249251925947634,0.0262864869549339,0.024417897257485,0.024294907482293,16.0
712,0.0407135573838863,0.0425258688342238,0.0383719670368618,0.0336743043297159,0.0343905857465732,0.0354974777593359,0.0330630984214422,0.0351811783928452,18.0
637,0.0053175265516918,0.0056527263253402,0.003997454855201,0.0039036800551855,0.0031663569662314,0.0049792493201566,0.0035869724202785,0.0034224749974247,2.0
738,0.0419558499883716,0.0419448113928423,0.0392984563913272,0.0331366452846943,0.033197530506422,0.0316871711807268,0.0325363948197454,0.0350238292322006,25.0
46,0.0222540350894402,0.0219065235202798,0.0195938529227218,0.0174909334618547,0.0195462046189129,0.0206165154882526,0.0185190474264058,0.0174050759370193,10.0
891,0.0053887843236499,0.0024741695575449,0.0003631946776758,0.0002133687691505,0.0018056090500712,0.0028216988384894,-0.0004810277674954,-1.3659318254983711e-05,12.0
800,0.107211095766757,0.1027083029321779,0.0937122243725487,0.0783402600974029,0.0800052016661518,0.0775636673340516,0.0770783429117553,0.0837177996946576,70.0
1002,0.0207861614456589,0.0085978724401471,0.0081474802113558,0.0060116637099741,0.0063617432699718,0.0069910254311941,0.004392435247997,0.0076928434722927,60.0
911,0.0042315021856919,0.0029457026906078,0.0026624859870004,0.0024767848031796,0.0029449814523497,0.0016734476809072,0.0017145777429455,0.0022291071124965,16.0
882,0.0024190041996339,0.0019744940541402,0.0003135454984344,0.0017589742335932,0.001898010998363,0.000703498298834,0.0009922819667272,0.0012480466887391,10.0
484,0.0309319947737555,0.0277893399394958,0.0263760377261239,0.0233093057711126,0.0248629832800109,0.0258975406750629,0.0252038847699787,0.0227677543758358,14.0
813,0.122914527418593,0.1170515561847957,0.1053848988562389,0.0882318845349717,0.0890282392278894,0.0859443103513013,0.0867862996501476,0.0958076000692904,80.0
881,0.0022049481597429,0.0016098187218728,0.0002059947209743,0.0015923304011848,0.0014939293920324,0.0006161729039756,0.000913381153705,0.0011048457165511,10.0
238,-0.0055752303160827,-0.0058151849009268,-0.0057903656274074,-0.0021227510324967,-0.0054414991965344,-0.0050572674952834,-0.0036529474200039,-0.0027169306883178,6.0
902,0.0128734636349105,0.0094216060191789,0.0082150718717486,0.0062830051381318,0.0086618611424317,0.0086838179144001,0.0059574513461901,0.0068583963776375,14.0
978,0.012384447490165,0.0087056267861698,0.0076578030530194,0.0041034818817025,0.0051064802858203,0.0046874716804068,0.0037890687391016,0.0041077669674485,40.0
196,0.0684238930832707,0.0702938582628495,0.0621217809182087,0.0569011921084536,0.0577536190978065,0.0598834437377424,0.0606965661077187,0.0595306357008005,90.0
725,0.0405241263756029,0.0416028752981443,0.0374829175732985,0.0330292492196518,0.0330814975441748,0.0339414805464887,0.0320822213885577,0.034709470513485,20.0
546,0.0791850928128472,0.0775389181562282,0.0697902491794952,0.0629516294437448,0.0639299414216986,0.0663193371085571,0.0678418774754389,0.0658069888618235,35.0
580,0.1298790378149727,0.1282147576711807,0.1150998531405211,0.1068958520038417,0.1065278145329157,0.1114592111198807,0.1146118741704922,0.1138742043178779,60.0
370,0.0075581283705737,0.007661012695855,0.0058741042586542,0.006601958047307,0.0045449697099709,0.0047766700288576,0.0049845691660571,0.0068849190356048,60.0
739,0.0422584219622647,0.041924078025301,0.0392542861397131,0.0330650428884361,0.0328190361708919,0.0320814911134905,0.0326320936940498,0.0348927914529431,25.0
516,0.0418693076192104,0.0400127614361453,0.0365836617651605,0.0332969910061869,0.0339483352037741,0.0355097158928249,0.0347195364114153,0.0334347096976852,20.0
718,0.0401799525563872,0.0419655460474909,0.0383807800057423,0.0332619978208146,0.0344825250210313,0.0347355469077586,0.032967268666937,0.0349714046878526,18.0
272,0.0064773937042015,0.0106749533661696,0.0095627583008976,0.0121114296919306,0.0069220041798721,0.0072619249117028,0.010694964952042,0.0126469155745476,14.0
202,0.0788590883169826,0.079438331130187,0.0688669775069903,0.0645403757392912,0.0646247858546093,0.0665354958940257,0.0675680637262799,0.0678839650016152,100.0
975,0.0118472689354276,0.0081182976861459,0.0072951770024833,0.0040866588220157,0.0046987431177681,0.003637278173868,0.0034026104489238,0.0036969363491843,40.0
606,0.1529121769963261,0.1525373319345252,0.1376423010118861,0.130144512858451,0.1271804964786559,0.1330037672815923,0.1371035621385733,0.1402572888464579,80.0
390,0.0109088781586126,0.0095415361043067,0.0075145838739159,0.0068325947533581,0.006035267528458,0.0056297795596954,0.0054882418561674,0.0068377318499261,80.0
193,0.0689590942356578,0.0697411232026244,0.0619058894727643,0.0566862533820432,0.057403804551129,0.0596242055428078,0.0603076553655897,0.059210045445444,90.0
355,0.0126897633463712,0.0141082703882102,0.0121177230816577,0.0133934062215909,0.0111835123979155,0.0116754112701474,0.0117558480258773,0.0144715245052082,45.0
162,0.0452573759038489,0.0483392942546443,0.042680032355673,0.0402170004065198,0.0381162027399405,0.0398765696704938,0.0414128391482579,0.0416998284903477,60.0
249,-0.0027182217052005,0.0019214109805681,0.0005302192612857,0.0041438383236446,-0.0010426549424986,-0.0006528534874777,0.0025669781600019,0.0041414697008936,8.0
364,0.0124605494815841,0.0139514425021034,0.0123699697355203,0.0136302635474335,0.0115654463433855,0.0120571837011849,0.0125109040618629,0.0143494086345958,50.0
1042,0.0463145494805547,0.0368720827012168,0.034158617272782,0.0271154158209279,0.0292173158906465,0.0282643414357242,0.0273367611865909,0.0308075522578001,100.0
982,0.0127756091206441,0.0041129604038026,0.0036212036989389,0.0012593687078392,0.0029449814523497,0.0019840687781213,0.0006993212725045,0.0012241733402371,45.0
990,0.0149507608529514,0.0058083921671904,0.004984275782553,0.0025771050646781,0.0039950395392533,0.0036292732698403,0.0031414511045421,0.0031182523677408,50.0
312,0.0055443534849938,0.0082674094160977,0.0061139304195869,0.0080717090230458,0.0060179025912212,0.0064849275404513,0.0063631849444948,0.0083052951399838,25.0
509,0.0472639730250943,0.0433286310418825,0.0387062998507892,0.0338308275613012,0.0358472580136764,0.0360215168581084,0.0356284004980198,0.034857356267145,18.0
645,0.0081245165840762,0.0086419323989338,0.0071478516220184,0.0073920534575899,0.0049786542014471,0.0067658221963677,0.0063266746564698,0.0073364018799988,4.0
357,0.0127061411545732,0.014441774344326,0.0124456766819063,0.0135118074159678,0.0113303615893681,0.0120896937844798,0.0116987204188629,0.0143494086345958,45.0
897,0.0063652858284333,0.0035625869648686,0.0019138835145436,0.001192828447559,0.0037336859842973,0.0039656334935724,0.0002716369768521,0.0009617385543747,12.0
900,0.0122297258919215,0.0089604571521842,0.0077759427191465,0.0059608192827767,0.0082559144270087,0.0079052729401652,0.0057170537108053,0.0065157248167847,14.0
389,0.0080915833052547,0.0067103223412102,0.0060064032581206,0.0060262762019516,0.0045622629592275,0.004442359596388,0.0051971328419036,0.0064370517700447,70.0
280,0.0029665233782592,0.0083155833282145,0.0080630018843515,0.0091006038904187,0.0064291000968971,0.0047129677700699,0.0074433815296236,0.0093766708786737,16.0
786,0.0791155791820949,0.0800069606153401,0.0729124315804846,0.0621924738824971,0.0626903994527271,0.060150406544285,0.0612679427485253,0.0656483399088321,50.0
903,0.0131753433729354,0.0095590926748556,0.0081981728195774,0.0066225879790818,0.0089504234403311,0.0088543506266528,0.0061751120097047,0.0068583963776375,14.0
826,0.1354578982720799,0.1284195817767683,0.1174961116430749,0.097690974740533,0.0990052627997581,0.0952462550957812,0.0963483940742835,0.1057607382487448,90.0
43,0.0228003358289488,0.0217307626755121,0.0194932238066224,0.0177591040140181,0.0202396699211281,0.0210174018483663,0.0183375380414027,0.0175494281946397,10.0
228,-0.0032835306932815,-0.00292094623058,-0.0035313463703393,-0.0008944708445997,-0.0035814435681788,-0.0031228840744298,-0.0025410671882442,-0.0016983940676157,4.0
933,0.0095607232272534,0.0066934296151148,0.0049005095605087,0.0036328547432786,0.0051414509215171,0.005982402975842,0.0028691674253593,0.0035521215773912,20.0
494,0.030739719224183,0.0296814954707743,0.0264271175719353,0.0234289915647721,0.0242185959825938,0.0253022103101512,0.025853398950168,0.0229642712677571,16.0
489,0.0310072600115905,0.0280561677656872,0.0268530525348399,0.0236685316125441,0.0246736843990608,0.0261098155425702,0.0251691270958916,0.0226695621839365,14.0
560,0.1126450428412349,0.107632456258729,0.096805314173806,0.0882643471489064,0.0896808848248607,0.0930532765154649,0.0945408337891696,0.09353831512278,45.0
799,0.1001151503056404,0.0997370462929678,0.0904396579279753,0.0774868468267422,0.078011516923414,0.0752643333592826,0.0765965768500388,0.0822484886647179,60.0
302,0.0067271362376121,0.009357839357555,0.0091872590283757,0.0102839702850055,0.0084106509075763,0.0087565726331518,0.0100465061488188,0.0100938516779466,20.0
176,0.0581380366936992,0.0575241441370204,0.050546105555506,0.0467078286893598,0.0482062941609157,0.0502578036499481,0.0497086625387665,0.0486085510102158,70.0
296,0.001429919844134,0.0067103223412102,0.0067928870027818,0.0081048345378431,0.0055262476340459,0.003465100234813,0.0064642963213604,0.008067923525571,18.0
698,0.0282296464832727,0.0306612938311503,0.0282595634581807,0.0237682987794552,0.024383745031372,0.0234396967517382,0.0233425186653837,0.0249066746256262,14.0
981,0.0124088830820466,0.0039100857140565,0.0032707804093131,0.0009766922978643,0.0025975781996493,0.0018327068735082,0.0004628977196225,0.0011764344687075,45.0
393,0.0110800618316717,0.0094931850591434,0.0078136219862272,0.0068490767793934,0.0062668809858544,0.00574155196393,0.0055554590438134,0.0066962314183891,80.0
288,0.0029984371136306,0.0083444910109703,0.0083624758545642,0.0092170303815922,0.0066957634712899,0.0047766700288576,0.0076688890136166,0.0094244097502033,16.0
444,0.0123457770979774,0.0142474943861648,0.0127004856365619,0.0114522485984496,0.0097617530927927,0.0107867471464258,0.0122310454889762,0.0103822888622579,6.0
148,0.032463085174089,0.0365716252988204,0.0317128719191247,0.0306212959934448,0.0272496344995515,0.0289832183596554,0.0310544023950382,0.0313322195790925,45.0
1025,0.0264858215553585,0.0180647144705296,0.0149502014966069,0.0109923343705688,0.0131819376212487,0.0136543269986124,0.0111999416475617,0.0128179314555843,80.0
925,0.0081809945953434,0.0055268393173029,0.0051015797965139,0.0042212743496193,0.0048443099407946,0.0047757962777113,0.0036980947551892,0.0039868542089235,18.0
959,0.005316848443007,0.0013317814946315,0.0009760732231161,-0.0009438490351213,0.0011306476179939,-0.0007227911793172,-0.0007950427006,-0.0014096815552022,30.0
626,0.2205635305185825,0.2201159756485342,0.1950462403028817,0.1851202857482336,0.1806229540718012,0.1882127010391466,0.1968475425001303,0.2067197391605174,100.0
708,0.0286129908932786,0.0334895942909583,0.0314906666979166,0.0279968313361982,0.0268652132813533,0.0258404196868593,0.0269997161514314,0.029254646083237,16.0
342,0.0134356823521042,0.0152278056167874,0.0129676272847206,0.0139690128072247,0.0121832833117005,0.0125776997485174,0.0122017989339615,0.0149606717656706,40.0
818,0.1225497050475424,0.1170126150988103,0.1055428637402373,0.0885653318489318,0.0895859786677486,0.085963826506378,0.0865306957240158,0.0958076000692904,80.0
156,0.0407096112133018,0.0398019146140193,0.0345121195243039,0.0328887399713176,0.0327894732123459,0.0342469078845077,0.0342468102968242,0.0333408792420563,50.0
65,0.022099259445292,0.023463107719667,0.0206520848424689,0.0193065753141492,0.019197069743251,0.0200720296772137,0.0200205000321497,0.0200424658053809,14.0
121,0.033158757312938,0.0350443041713068,0.0304763670821406,0.0283563324670121,0.0298049954039277,0.0309820652110067,0.0296759059762944,0.0288090795366733,35.0
642,0.0082823973130705,0.008501214131387,0.0077079830595912,0.0074568047970239,0.0052608960440714,0.0066876194052807,0.0064257492268898,0.0071286481075642,4.0
332,0.0052552630379303,0.0114618860278764,0.0101643367982406,0.0123302592604934,0.007502766277508,0.0060850713452692,0.0098533640510471,0.0128165690502904,35.0
233,-0.0055518369921619,-0.005935235620272,-0.0059506346631004,-0.0023931352472322,-0.0056768251466095,-0.0050185271426074,-0.0036964707750615,-0.0028975077395177,6.0
213,-0.0053568355686703,-0.0044639510785219,-0.0034103764208882,-0.0018202176449547,-0.0037729550987004,-0.0046541627005979,-0.0033916810551414,-0.0026491757923753,2.0
968,0.0117171602135072,0.0006807383333785,0.0011750589811958,-0.0015698632226416,0.0008829060478741,0.0012119963887578,-0.000166699803218,-0.0013860943311605,35.0
86,0.0220503962614299,0.0243080665421107,0.0203662372010275,0.0197118108630186,0.0195054545720512,0.020400223424589,0.0205911042885769,0.0198478094545639,18.0
1004,0.0214949190540002,0.0088722246369969,0.0084771041724363,0.0066055981050406,0.0071697850425288,0.0074519026108934,0.0047230685455361,0.0077420279991807,60.0
454,0.0222781551824539,0.019833810631947,0.0189917390888847,0.0183325063063057,0.0179657199017361,0.0187861076898126,0.0179196415643437,0.017455637472182,8.0
536,0.0754166708276855,0.0759148148921394,0.0680461642160337,0.0624529802321571,0.0607481775822878,0.0635249287645333,0.0660826596702612,0.0652097958292993,30.0
947,0.0015239573780707,-0.003454264892968,-0.00168353611952,-0.004237855433159,-0.0029152644686895,-0.004608206181358,-0.0042398113657903,-0.0053366133879572,25.0
254,-0.0017662551518687,-0.0016421113815766,-0.0024088673943788,-0.0002540632789275,-0.0021983801297712,-0.0021947142823578,-0.0020164696650495,-0.0009484373900113,10.0
1044,0.0465465495071088,0.0374695477017995,0.0350649245751236,0.0275207683547047,0.0294793444441564,0.0289424266329963,0.027729173885848,0.0311084330200397,100.0
861,0.0061089069364077,0.0034371901027284,0.0014156404336251,0.0025603822832759,0.0035421485607722,0.0044065838029166,0.0034594128532952,0.002829484215646,6.0
317,0.005399780263893,0.0083348548387237,0.0062711407353153,0.008253952566528,0.0060005385008274,0.0064529225994113,0.0063407201520905,0.0082103155405527,25.0
1012,0.0271122863362655,0.0175110022240985,0.0163808724801562,0.0117539545066598,0.0130150450398245,0.0127827744581343,0.0122846846791226,0.0129942150004264,70.0
385,0.0081482066191591,0.0065569291025202,0.0060394852695026,0.0063221790141719,0.004694872447794,0.0049280083523891,0.0053314574529959,0.0066490849683841,70.0
539,0.0755768578589506,0.0758007385276643,0.0680556728256027,0.0623533671589103,0.0606761941797489,0.0634342716088172,0.0660167147100599,0.0650309558068262,30.0
199,0.0683132575907841,0.0704745414653081,0.0615494701276893,0.0571554441268945,0.0569055885970178,0.0586247690933797,0.0603076553655897,0.0593557099672444,90.0
633,0.0050982609386735,0.0050395164347801,0.0040457234767892,0.0041912321886662,0.003239345835829,0.0050960011785143,0.0032380028047424,0.0032184085881434,2.0
500,0.0470369036238854,0.0433803801370544,0.0385655902757461,0.0336171589683978,0.0355727491297552,0.0359543537057459,0.0354488118086094,0.0347276412373554,18.0
914,0.0050851493457306,0.0034564788636658,0.0033708680893808,0.0026440071463463,0.0033275169342389,0.0020239115003118,0.0023479466656502,0.0025170822067097,16.0
54,0.0252316752349428,0.0251650310193044,0.0220508172741744,0.0204225245434461,0.0224925325092602,0.0238039095251855,0.0206939228048945,0.0209694595871843,12.0
856,-0.0039030748844723,-0.0076320120595237,-0.007911685192284,-0.0071198688465825,-0.0063292321390979,-0.0067296728053694,-0.0072522477275454,-0.0084418159907426,4.0
585,0.1300644048188912,0.128041335624513,0.114895210245162,0.1071093815994564,0.1064608378222751,0.1111690714593146,0.1146580325855921,0.113687985676263,60.0
597,0.149346301083177,0.1465493178877716,0.1328800015682412,0.12390896522243,0.123547406401137,0.1291165662110752,0.1326085827176111,0.132736504546492,70.0
402,0.0160540733174507,0.019843577004445,0.0187487755522853,0.0173299336379308,0.0151698550066535,0.0138006338896211,0.016301952917729,0.0180429097485923,90.0
84,0.0225230086302543,0.0244556622600038,0.0214097890742621,0.0197794127016726,0.0197441997843277,0.0207848330682752,0.0203513247203558,0.0199937854541488,18.0
794,0.0993484153173629,0.0995029470340091,0.0909256943781169,0.0772313781508032,0.0776930070845246,0.075690778877873,0.0768029578933311,0.0827045495302556,60.0
526,0.0656353806361048,0.0640675055278218,0.0575259220690914,0.0512067710332668,0.0514975167246642,0.0534144722819397,0.0549764234175556,0.0532856764467946,25.0
961,0.009487978596791,-0.0009032629953804,-0.000876075825403,-0.0021779319166085,-0.0004163512966238,-0.0003192525986944,-0.0017128630119917,-0.0022571298926545,35.0
898,0.0067341393840094,0.0035915313891945,0.0021466226769421,0.0015257033133961,0.0037627157965072,0.0041179003666622,0.0003841292456347,0.0010332804168939,12.0
589,0.1299444509485751,0.1281747292060215,0.1154771181709131,0.1068958520038417,0.1065426999574788,0.1117184633020207,0.1147811547371186,0.1140232936089403,60.0
29,0.0180491218233273,0.0185441021132333,0.0172778217591402,0.0161542898735614,0.017300278511124,0.0181728264442151,0.0166409497633264,0.0160862728384501,6.0
686,0.0209300898091451,0.0209905034844137,0.0195415787681061,0.0158166595342847,0.0165981080799574,0.0156825823370703,0.0152798478280334,0.0158848885678176,12.0
995,0.0155745689034583,0.0065960579788647,0.0063102603294961,0.0033978661145518,0.0050190687202958,0.0043023101427733,0.0041532273775893,0.0035762507070617,50.0
399,0.0111045230544531,0.0095318653353071,0.0077305320283832,0.0068655598695748,0.0060642109726168,0.0057016292407354,0.0056226905634824,0.0069321164162032,80.0
867,0.0078750798490556,0.0054201054641963,0.002429427975632,0.0035489054011045,0.005287198885263,0.0055958460507289,0.0049056354326242,0.003672793886293,6.0
96,0.0282746681594836,0.0284456812907791,0.0252298551681292,0.0231140246217117,0.0242225504645893,0.025367711458155,0.0244063355808478,0.023997253649141,20.0
427,0.0063557856571313,0.0054567873112841,0.0060686925690685,0.0063950708596613,0.0051076844310924,0.0063929564831689,0.0054765338888249,0.0049971656298093,2.0
503,0.04730765606427,0.0433700296765785,0.038398565894652,0.0334748125235698,0.0358716690486167,0.035744550055914,0.0356763080950357,0.0348833085184675,18.0
613,0.1924067789132786,0.1924609008410754,0.172415007710929,0.1628581024742269,0.1593158010346264,0.1664343216988133,0.1727876656923818,0.179833883861179,90.0
656,0.0155134197232829,0.0194071970328532,0.0177351573490089,0.0166376899250386,0.0160912785221406,0.015971362831534,0.0163687876577419,0.0162694891517546,6.0
889,0.0040243685054678,0.0036976824100465,0.001955433534149,0.0025771050646781,0.0036350023228788,0.0024864115223222,0.0025291431371397,0.0020373344016182,10.0
940,1.967061697129248e-07,-0.0043128515657048,-0.0041937071383835,-0.0053426931066013,-0.0042461801933684,-0.0056315118729919,-0.0059316434264195,-0.0065609610108035,25.0
169,0.0452313791262937,0.0486142644681285,0.0421899181971386,0.0400522504578299,0.0388222496805938,0.0401641991992256,0.0410957426769844,0.0418611675488262,60.0
504,0.0472727092238117,0.043587456732732,0.0386447329441177,0.0338130150134352,0.0355666513354614,0.0361978801250231,0.0356044494288055,0.0348054610120607,18.0
440,0.0122264615948763,0.0141810985636025,0.0124214754728312,0.0115501766173662,0.009931937282774,0.0106850424038063,0.0120531835693351,0.0104983206678487,6.0
602,0.1525065595900359,0.1525660363161431,0.1376651777471268,0.1300665948532116,0.1273777265039174,0.1329377161122187,0.1371696591571684,0.1401732199305656,80.0
51,0.0253138148503192,0.0252834057572928,0.0222619204765289,0.0205920341056028,0.0228214123226407,0.023763487187396,0.0213344368911828,0.0212140605255711,12.0
327,0.0033257103758997,0.0109079253711739,0.010172698823267,0.0115064172095406,0.0068987933876343,0.0055739064452925,0.0092406374338661,0.0115835286632765,30.0
475,0.0264684265026523,0.0245060891344254,0.0219920535112916,0.0199806831462936,0.0235576858040049,0.0245777337028347,0.0215178245154322,0.0192845128511211,12.0
188,0.0581918622051,0.0620092511793766,0.0548039646136609,0.051830282796668,0.0489769173461363,0.0505277659418461,0.0532866813774057,0.0538876225735562,80.0
260,0.0040291213071539,0.0089617850096349,0.007390054690872,0.0103675130529179,0.0060873674220518,0.0065969673786628,0.008651727595457,0.0109335493384547,12.0
1011,0.0266634952369656,0.0171792149545437,0.0160615170637141,0.0116846223473132,0.0126636344012428,0.0125775285663434,0.0120861193915729,0.0127927597006161,70.0
743,0.0537723341216656,0.0552479488376914,0.0510714854987155,0.0435136789594397,0.0448887384331389,0.0433979146007328,0.043055801935618,0.0455773541261372,30.0
69,0.0223925730019908,0.0238460218579856,0.0200554139783144,0.0191379168273484,0.0189993785043268,0.0200960336513135,0.0203855677828217,0.0202129325134068,14.0
704,0.0290217696973086,0.0333582179289705,0.0311101122563519,0.0279792856613221,0.0264754055350211,0.0257991756072374,0.0271525338604898,0.0289994736733682,16.0
907,0.0142870588796714,0.0101391233397993,0.0097051651736303,0.0073542242366873,0.009599069393379,0.0087487731760162,0.0071966854454247,0.0070544503062107,14.0
79,0.0285645916838341,0.0297930174634964,0.0256046270743124,0.0239545278680057,0.0250493323289808,0.0260830147499495,0.0248344002070851,0.0243197302850297,16.0
455,0.0223271799381809,0.0200364391678749,0.0188748925119829,0.0181649217248744,0.0177104510976521,0.0188501247281207,0.0178630369818287,0.0174316750879919,8.0
579,0.1131137501394181,0.1108724867753741,0.0977815506026405,0.0902562819005568,0.091203237940673,0.0946618943163582,0.0971937905746835,0.0959619931354241,50.0
689,0.0207749313881502,0.0210586666102635,0.020070087608406,0.0159170521200003,0.0163941243863835,0.0163085681815813,0.0152119137922102,0.015812851279366,12.0
655,0.0156422453826013,0.019746538604024,0.0177435004828725,0.0164699181228615,0.0166913967044513,0.0155462947268299,0.0163460630116975,0.0161973249463139,6.0
805,0.1076642578272962,0.1027829240639225,0.0942229467274252,0.0782120660991356,0.0799494770569256,0.0776685343389381,0.0771885642974982,0.0839472500161122,70.0
9,0.0063355156903571,0.0078957910850608,0.0069594262593688,0.0071334811830491,0.0082299582883505,0.0088716333696887,0.0071518716193685,0.0061325662811052,2.0
320,0.0033017538158567,0.0106749533661696,0.0099135623249891,0.0113218379012251,0.0067363601939801,0.0054302727637497,0.0090140034659025,0.0115112131618436,30.0
553,0.0991920275370811,0.094543190114512,0.0850150048123039,0.0769868278949811,0.0783973165528232,0.0816474378481066,0.0824333255420456,0.0812292379468383,40.0
938,0.0108968943625665,0.0081867662211275,0.0063270748958356,0.004053016027978,0.0060402080082413,0.0067325472550043,0.0033117478804531,0.0044709073102559,20.0
103,0.0307503962936061,0.0324133802459488,0.0280240445181689,0.0254709855236599,0.0265483322539861,0.0273300809197204,0.0268203372798052,0.0264901835357938,25.0
821,0.136191373099778,0.1283255812016139,0.1165839014622709,0.0970462816146417,0.0983959051140651,0.0951561336570106,0.0960410330200709,0.1058332297294997,90.0
217,-0.0054894476237981,-0.0044454030188587,-0.0036361555783709,-0.0018202176449547,-0.0039249644394948,-0.004475721422028,-0.0033590075329058,-0.0025588032291876,2.0
619,0.1925743868150248,0.1924609008410754,0.1724526420450566,0.1632718283189779,0.1597130923569066,0.1665189443329946,0.1731208827062467,0.1797331213708086,90.0
462,0.0254205584527301,0.0226915867958068,0.021277521939426,0.018953527529717,0.019804410705799,0.0212268414075616,0.0202492221883402,0.0181757339661623,10.0
277,0.0066868438758968,0.0106749533661696,0.0094458961882972,0.011993676031536,0.0068001643972689,0.0073501446069085,0.0106038727006348,0.0127923247713409,14.0
909,0.0145327367951611,0.0104836859361365,0.0104949307558201,0.0076099402697376,0.0101720392737931,0.0094152452111042,0.0073691871325615,0.0073243120764772,14.0
458,0.0223762111360573,0.0198723970673294,0.0190251304834955,0.01834927081642,0.017791653140374,0.0187541034642866,0.0178177606309517,0.0173598037021651,8.0
798,0.0996105421262479,0.0998726524744417,0.0912399265450179,0.0774229556875929,0.0779214743870388,0.0758140689105523,0.0768993152940492,0.0824764000836693,60.0
132,0.0327311425075238,0.0366634870396991,0.0321548469261816,0.0297761696751323,0.0340848963018771,0.0299195589826834,0.030818334534904,0.0307945674377561,40.0
220,-0.0034011956733811,-0.0029488952021288,-0.0037812278939655,-0.0010543220439773,-0.0037616925655106,-0.0032085598660615,-0.0027048250865254,-0.0017437633461277,4.0
209,0.0792670593412374,0.0791715685067908,0.0691155914262887,0.0643994214907056,0.0647767912244135,0.0674020182780718,0.0673825136572566,0.068187203633386,100.0
612,0.1926388714453119,0.1927035952962272,0.1727036337403493,0.1630353314589114,0.1593503305136944,0.1664947643957036,0.1728616834922647,0.179431112462914,90.0
434,0.0119164197281861,0.010906197658743,0.0104986528180984,0.0096959373876753,0.0093253189631652,0.0100519938708219,0.0097610948854868,0.0084881084242251,4.0
101,0.0308420973467909,0.0323327564608009,0.0276468589651986,0.0258168948539787,0.0267562015782976,0.0274280740527308,0.0264710213363395,0.0263147494040971,25.0
185,0.0578421350932121,0.0618110748437544,0.0540220429584742,0.0517919583438173,0.0488251875048487,0.0503622810267541,0.0529953965289282,0.0543428518609821,80.0
293,0.0012392812320924,0.0068829739824503,0.007091352509866,0.0079889140353945,0.0056360880771038,0.003592072519335,0.0064530601226579,0.0080916490835905,18.0
679,0.0223950213906877,0.0251741221273732,0.0225463143676842,0.0211072180279844,0.0208086849607664,0.0204693901393758,0.0211430087939399,0.0216768989986534,10.0
124,0.0337464786619452,0.0349833563561139,0.0307872729301985,0.0283563324670121,0.0301107158171797,0.0309903140269222,0.0304881361679237,0.0289865290998683,35.0
119,0.037513000635035,0.0394517405990215,0.0351933394624374,0.0320183534078136,0.032922430404145,0.033772736218447,0.0331513424075753,0.0332115635008444,30.0
57,0.0258399370062566,0.0249875475376117,0.0223463948943477,0.0202531274552955,0.022592338916501,0.0236907384826619,0.0213458864754558,0.0209205722477725,12.0
640,0.0079824810226725,0.0085199731420239,0.0072533199719748,0.0073273185368791,0.0050802354932303,0.0062265704457962,0.0059966507355563,0.0069902552773101,4.0
772,0.0706119849839761,0.0730849421113832,0.0664197909286376,0.0561851769028828,0.0576370237505257,0.0554421266023145,0.0563153384184958,0.0601681117086109,45.0
916,0.0053408255289606,0.0036397776710822,0.0038633530306005,0.0029620316753597,0.0036233942782954,0.0024385389660086,0.0030393171692416,0.0028054374243564,16.0
733,0.042016344757693,0.0425985721412602,0.0394133232908876,0.0329576769337373,0.0333624845265566,0.0320311282006733,0.0328355502908988,0.0352074142753303,25.0
1017,0.0270783964710921,0.0182259669086755,0.0174617827473417,0.0122571765505326,0.0137129377052445,0.0135226358139401,0.0133028337949249,0.0131958562518493,70.0
923,0.007641787219373,0.005032269628353,0.0050513021746087,0.0038176405229555,0.0048035452312074,0.0042942903502394,0.003152801361956,0.0036969363491843,18.0
727,0.040679108228381,0.0422455899417349,0.0370962641034386,0.0328145925291595,0.0332586156779592,0.0342369377181501,0.0321897296742005,0.0343432895065871,20.0
866,0.007521175828705,0.0051582668846357,0.0021965140686874,0.0034649836547832,0.0051764249922184,0.0058776692416894,0.0050883080866163,0.0037452292807947,6.0
1023,0.0261898866315516,0.017309879688787,0.01464065117776,0.0103881185172156,0.0129912096269995,0.0131360729664198,0.0106299079009678,0.0125412015483936,80.0
535,0.0754543557074349,0.0759946915359015,0.0678085269506492,0.062492836346856,0.0607089121041381,0.0630356527169822,0.0662937762708939,0.0651501662191979,30.0
240,-0.0028046438052514,0.0018363468812163,0.0004161256142488,0.0039482074005201,-0.0011731450795824,-0.0008253708452202,0.0023229084773782,0.0040482829338838,8.0
99,0.0280428914276443,0.0285452977979148,0.024906488314818,0.022823066804066,0.024411359990374,0.0249862593605369,0.0244988408662091,0.0238981257630384,20.0
513,0.0419898768815396,0.0402075071032614,0.0366711375730774,0.0332969910061869,0.0341487045504244,0.0353001726641805,0.0349465069538826,0.033512070168983,20.0
